Workbook

Sheet 当日早見表
A1: 日付を入力 → | B1: =TEXT(TODAY(),"yyyy-mm-dd") | C1: ←TODAY()で自動更新。固定日にしたい場合はyyyy-mm-dd文字列で上書き
A2: 曜日 | B2: =IFERROR(INDEX(早見表_全期間!$B$2:$B$267,MATCH($B$1,早見表_全期間!$A$2:$A$267,0)),"該当なし")
A3: ダイヤ区分 | B3: =IFERROR(INDEX(早見表_全期間!$C$2:$C$267,MATCH($B$1,早見表_全期間!$A$2:$A$267,0)),"該当なし")
A4: 祝日名 | B4: =IFERROR(INDEX(早見表_全期間!$D$2:$D$267,MATCH($B$1,早見表_全期間!$A$2:$A$267,0))&"","")
A6: 系統 | B6: 担当運転士
A7: 1系統 | B7: =IFERROR(INDEX(早見表_全期間!$A$1:$AP$267,MATCH($B$1,早見表_全期間!$A$1:$A$267,0),MATCH($A7,早見表_全期間!$A$1:$AP$1,0)),"-")
A8: 休日前1系統 | B8: =IFERROR(INDEX(早見表_全期間!$A$1:$AP$267,MATCH($B$1,早見表_全期間!$A$1:$A$267,0),MATCH($A8,早見表_全期間!$A$1:$AP$1,0)),"-")
A9: 休日後1系統 | B9: =IFERROR(INDEX(早見表_全期間!$A$1:$AP$267,MATCH($B$1,早見表_全期間!$A$1:$A$267,0),MATCH($A9,早見表_全期間!$A$1:$AP$1,0)),"-")
A10: 2系統 | B10: =IFERROR(INDEX(早見表_全期間!$A$1:$AP$267,MATCH($B$1,早見表_全期間!$A$1:$A$267,0),MATCH($A10,早見表_全期間!$A$1:$AP$1,0)),"-")
A11: 休日前2系統 | B11: =IFERROR(INDEX(早見表_全期間!$A$1:$AP$267,MATCH($B$1,早見表_全期間!$A$1:$A$267,0),MATCH($A11,早見表_全期間!$A$1:$AP$1,0)),"-")
A12: 休日後2系統 | B12: =IFERROR(INDEX(早見表_全期間!$A$1:$AP$267,MATCH($B$1,早見表_全期間!$A$1:$A$267,0),MATCH($A12,早見表_全期間!$A$1:$AP$1,0)),"-")
A13: 3系統 | B13: =IFERROR(INDEX(早見表_全期間!$A$1:$AP$267,MATCH($B$1,早見表_全期間!$A$1:$A$267,0),MATCH($A13,早見表_全期間!$A$1:$AP$1,0)),"-")
A14: 休日前3系統 | B14: =IFERROR(INDEX(早見表_全期間!$A$1:$AP$267,MATCH($B$1,早見表_全期間!$A$1:$A$267,0),MATCH($A14,早見表_全期間!$A$1:$AP$1,0)),"-")
A15: 休日後3系統 | B15: =IFERROR(INDEX(早見表_全期間!$A$1:$AP$267,MATCH($B$1,早見表_全期間!$A$1:$A$267,0),MATCH($A15,早見表_全期間!$A$1:$AP$1,0)),"-")
A16: 4系統 | B16: =IFERROR(INDEX(早見表_全期間!$A$1:$AP$267,MATCH($B$1,早見表_全期間!$A$1:$A$267,0),MATCH($A16,早見表_全期間!$A$1:$AP$1,0)),"-")
A17: 休日前4系統 | B17: =IFERROR(INDEX(早見表_全期間!$A$1:$AP$267,MATCH($B$1,早見表_全期間!$A$1:$A$267,0),MATCH($A17,早見表_全期間!$A$1:$AP$1,0)),"-")
A18: 休日後4系統 | B18: =IFERROR(INDEX(早見表_全期間!$A$1:$AP$267,MATCH($B$1,早見表_全期間!$A$1:$A$267,0),MATCH($A18,早見表_全期間!$A$1:$AP$1,0)),"-")
... A44: 27系統 | B44: =IFERROR(INDEX(早見表_全期間!$A$1:$AP$267,MATCH($B$1,早見表_全期間!$A$1:$A$267,0),MATCH($A44,早見表_全期間!$A$1:$AP$1,0)),"-")

Sheet 早見表_全期間
A1: 日付 | B1: 曜日 | C1: ダイヤ区分 | D1: 祝日名 | E1: 1系統 | F1: 休日前1系統 | G1: 休日後1系統 | H1: 2系統 | I1: 休日前2系統 | J1: 休日後2系統 | K1: 3系統 | L1: 休日前3系統 | M1: 休日後3系統 | N1: 4系統 | O1: 休日前4系統 | P1: 休日後4系統 | Q1: 5系統 | R1: 休日前5系統 | S1: 休日後5系統 | T1: 6系統 | U1: 休日後6系統 | V1: 7系統 | W1: 8系統 | X1: 9系統 | Y1: 10系統 | Z1: 11系統 | AA1: 12系統 | AB1: 13系統 | AC1: 14系統 | AD1: 15系統 | AE1: 16系統 | AF1: 17系統 | AG1: 18系統 | AH1: 19系統 | AI1: 20系統 | AJ1: 21系統 | AK1: 22系統 | AL1: 23系統 | AM1: 24系統 | AN1: 25系統 | AO1: 26系統 | AP1: 27系統
A2: 2026-05-05 | B2: 火 | C2: 休日 | D2: こどもの日 | E2: 中村 | F2: 大川内 | G2: 馬場 | H2: 横田 | I2: 栗下 | J2: 岩田 | K2: 富島 | L2: 安村 | M2: 田中 | N2: 欠員① | O2: 北川 | P2: 丸田 | Q2: 山田久 | R2: 山本高 | S2: 岡本 | T2: 矢田 | U2: 佐野 | V2: 尾川 | W2: 上田 | X2: 河野 | Y2: 植山 | Z2: 柴田 | AA2: 山田真 | AB2: 藤原 | AC2: 井川 | AD2: 谷川 | AE2: 原 | AF2: 中嶌 | AG2: 山本幸 | AH2: 門谷 | AI2: 欠員② | AJ2: 野口 | AK2: 中山 | AL2: 横山 | AM2: 市田 | AN2: 西村 | AO2: 内野 | AP2: 上野
A3: 2026-05-06 | B3: 水 | C3: 休日 | D3: 憲法記念日 振替休日 | E3: 岡本 | F3: 田中 | G3: 尾川 | H3: 北川 | I3: 西村 | J3: 上田 | K3: 中嶌 | L3: 丸田 | M3: 井川 | N3: 山本高 | O3: 河野 | P3: 中山 | Q3: 安村 | R3: 山田真 | S3: 横山 | T3: 佐野 | U3: 上野 | V3: 門谷 | W3: 原 | X3: 富島 | Y3: 野口 | Z3: 藤原 | AA3: 市田 | AB3: 岩田 | AC3: 内野 | AD3: 馬場 | AE3: 横田 | AF3: 大川内 | AG3: 欠員① | AH3: 山田久 | AI3: 矢田 | AJ3: 栗下 | AK3: 欠員② | AL3: 植山 | AM3: 谷川 | AN3: 山本幸 | AO3: 中村 | AP3: 柴田
A4: 2026-05-07 | B4: 木 | C4: 平日 | E4: 横山 | F4: 井川 | G4: 門谷 | H4: 河野 | I4: 山本幸 | J4: 原 | K4: 大川内 | L4: 中山 | M4: 内野 | N4: 山田真 | O4: 富島 | P4: 欠員② | Q4: 丸田 | R4: 市田 | S4: 植山 | T4: 上野 | U4: 柴田 | V4: 山田久 | W4: 横田 | X4: 中嶌 | Y4: 栗下 | Z4: 岩田 | AA4: 谷川 | AB4: 上田 | AC4: 中村 | AD4: 尾川 | AE4: 北川 | AF4: 田中 | AG4: 山本高 | AH4: 安村 | AI4: 佐野 | AJ4: 西村 | AK4: 矢田 | AL4: 野口 | AM4: 馬場 | AN4: 欠員① | AO4: 岡本 | AP4: 藤原
A5: 2026-05-08 | B5: 金 | C5: 平日 | E5: 植山 | F5: 内野 | G5: 山田久 | H5: 富島 | I5: 欠員① | J5: 横田 | K5: 田中 | L5: 欠員② | M5: 中村 | N5: 市田 | O5: 中嶌 | P5: 矢田 | Q5: 中山 | R5: 谷川 | S5: 野口 | T5: 柴田 | U5: 藤原 | V5: 安村 | W5: 北川 | X5: 大川内 | Y5: 西村 | Z5: 上田 | AA5: 馬場 | AB5: 原 | AC5: 岡本 | AD5: 門谷 | AE5: 河野 | AF5: 井川 | AG5: 山田真 | AH5: 丸田 | AI5: 上野 | AJ5: 山本幸 | AK5: 佐野 | AL5: 栗下 | AM5: 尾川 | AN5: 山本高 | AO5: 横山 | AP5: 岩田
A6: 2026-05-09 | B6: 土 | C6: 休日 | E6: 野口 | F6: 中村 | G6: 安村 | H6: 中嶌 | I6: 山本高 | J6: 北川 | K6: 井川 | L6: 矢田 | M6: 岡本 | N6: 谷川 | O6: 大川内 | P6: 佐野 | Q6: 欠員② | R6: 馬場 | S6: 栗下 | T6: 藤原 | U6: 岩田 | V6: 丸田 | W6: 河野 | X6: 田中 | Y6: 山本幸 | Z6: 原 | AA6: 尾川 | AB6: 横田 | AC6: 横山 | AD6: 山田久 | AE6: 富島 | AF6: 内野 | AG6: 市田 | AH6: 中山 | AI6: 柴田 | AJ6: 欠員① | AK6: 上野 | AL6: 西村 | AM6: 門谷 | AN6: 山田真 | AO6: 植山 | AP6: 上田
A7: 2026-05-10 | B7: 日 | C7: 休日 | E7: 栗下 | F7: 岡本 | G7: 丸田 | H7: 大川内 | I7: 山田真 | J7: 河野 | K7: 内野 | L7: 佐野 | M7: 横山 | N7: 馬場 | O7: 田中 | P7: 上野 | Q7: 矢田 | R7: 尾川 | S7: 西村 | T7: 岩田 | U7: 上田 | V7: 中山 | W7: 富島 | X7: 井川 | Y7: 欠員① | Z7: 横田 | AA7: 門谷 | AB7: 北川 | AC7: 植山 | AD7: 安村 | AE7: 中嶌 | AF7: 中村 | AG7: 谷川 | AH7: 欠員② | AI7: 藤原 | AJ7: 山本高 | AK7: 柴田 | AL7: 山本幸 | AM7: 山田久 | AN7: 市田 | AO7: 野口 | AP7: 原
A8: 2026-05-11 | B8: 月 | C8: 平日 | E8: 西村 | F8: 横山 | G8: 中山 | H8: 田中 | I8: 市田 | J8: 富島 | K8: 中村 | L8: 上野 | M8: 植山 | N8: 尾川 | O8: 井川 | P8: 柴田 | Q8: 佐野 | R8: 門谷 | S8: 山本幸 | T8: 上田 | U8: 原 | V8: 欠員② | W8: 中嶌 | X8: 内野 | Y8: 山本高 | Z8: 北川 | AA8: 山田久 | AB8: 河野 | AC8: 野口 | AD8: 丸田 | AE8: 大川内 | AF8: 岡本 | AG8: 馬場 | AH8: 矢田 | AI8: 岩田 | AJ8: 山田真 | AK8: 藤原 | AL8: 欠員① | AM8: 安村 | AN8: 谷川 | AO8: 栗下 | AP8: 横田
A9: 2026-05-12 | B9: 火 | C9: 平日 | E9: 山本幸 | F9: 植山 | G9: 欠員② | H9: 井川 | I9: 谷川 | J9: 中嶌 | K9: 岡本 | L9: 柴田 | M9: 野口 | N9: 門谷 | O9: 内野 | P9: 藤原 | Q9: 上野 | R9: 山田久 | S9: 欠員① | T9: 原 | U9: 横田 | V9: 矢田 | W9: 大川内 | X9: 中村 | Y9: 山田真 | Z9: 河野 | AA9: 安村 | AB9: 富島 | AC9: 栗下 | AD9: 中山 | AE9: 田中 | AF9: 横山 | AG9: 尾川 | AH9: 佐野 | AI9: 上田 | AJ9: 市田 | AK9: 岩田 | AL9: 山本高 | AM9: 丸田 | AN9: 馬場 | AO9: 西村 | AP9: 北川
A10: 2026-05-13 | B10: 水 | C10: 平日 | E10: 欠員① | F10: 野口 | G10: 矢田 | H10: 内野 | I10: 馬場 | J10: 大川内 | K10: 横山 | L10: 藤原 | M10: 栗下 | N10: 山田久 | O10: 中村 | P10: 岩田 | Q10: 柴田 | R10: 安村 | S10: 山本高 | T10: 横田 | U10: 北川 | V10: 佐野 | W10: 田中 | X10: 岡本 | Y10: 市田 | Z10: 富島 | AA10: 丸田 | AB10: 中嶌 | AC10: 西村 | AD10: 欠員② | AE10: 井川 | AF10: 植山 | AG10: 門谷 | AH10: 上野 | AI10: 原 | AJ10: 谷川 | AK10: 上田 | AL10: 山田真 | AM10: 中山 | AN10: 尾川 | AO10: 山本幸 | AP10: 河野
A11: 2026-05-14 | B11: 木 | C11: 平日 | E11: 山本高 | F11: 栗下 | G11: 佐野 | H11: 中村 | I11: 尾川 | J11: 田中 | K11: 植山 | L11: 岩田 | M11: 西村 | N11: 安村 | O11: 岡本 | P11: 上田 | Q11: 藤原 | R11: 丸田 | S11: 山田真 | T11: 北川 | U11: 河野 | V11: 上野 | W11: 井川 | X11: 横山 | Y11: 谷川 | Z11: 中嶌 | AA11: 中山 | AB11: 大川内 | AC11: 山本幸 | AD11: 矢田 | AE11: 内野 | AF11: 野口 | AG11: 山田久 | AH11: 柴田 | AI11: 横田 | AJ11: 馬場 | AK11: 原 | AL11: 市田 | AM11: 欠員② | AN11: 門谷 | AO11: 欠員① | AP11: 富島
A12: 2026-05-15 | B12: 金 | C12: 平日 | E12: 山田真 | F12: 西村 | G12: 上野 | H12: 岡本 | I12: 門谷 | J12: 井川 | K12: 野口 | L12: 上田 | M12: 山本幸 | N12: 丸田 | O12: 横山 | P12: 原 | Q12: 岩田 | R12: 中山 | S12: 市田 | T12: 河野 | U12: 富島 | V12: 柴田 | W12: 内野 | X12: 植山 | Y12: 馬場 | Z12: 大川内 | AA12: 欠員② | AB12: 田中 | AC12: 欠員① | AD12: 佐野 | AE12: 中村 | AF12: 栗下 | AG12: 安村 | AH12: 藤原 | AI12: 北川 | AJ12: 尾川 | AK12: 横田 | AL12: 谷川 | AM12: 矢田 | AN12: 山田久 | AO12: 山本高 | AP12: 中嶌
A13: 2026-05-16 | B13: 土 | C13: 休日 | E13: 市田 | F13: 山本幸 | G13: 柴田 | H13: 横山 | I13: 山田久 | J13: 内野 | K13: 栗下 | L13: 原 | M13: 欠員① | N13: 中山 | O13: 植山 | P13: 横田 | Q13: 上田 | R13: 欠員② | S13: 谷川 | T13: 富島 | U13: 中嶌 | V13: 藤原 | W13: 中村 | X13: 野口 | Y13: 尾川 | Z13: 田中 | AA13: 矢田 | AB13: 井川 | AC13: 山本高 | AD13: 上野 | AE13: 岡本 | AF13: 西村 | AG13: 丸田 | AH13: 岩田 | AI13: 河野 | AJ13: 門谷 | AK13: 北川 | AL13: 馬場 | AM13: 佐野 | AN13: 安村 | AO13: 山田真 | AP13: 大川内
A14: 2026-05-17 | B14: 日 | C14: 休日 | E14: 谷川 | F14: 欠員① | G14: 藤原 | H14: 植山 | I14: 安村 | J14: 中村 | K14: 西村 | L14: 横田 | M14: 山本高 | N14: 欠員② | O14: 野口 | P14: 北川 | Q14: 原 | R14: 矢田 | S14: 馬場 | T14: 中嶌 | U14: 大川内 | V14: 岩田 | W14: 岡本 | X14: 栗下 | Y14: 門谷 | Z14: 井川 | AA14: 佐野 | AB14: 内野 | AC14: 山田真 | AD14: 柴田 | AE14: 横山 | AF14: 山本幸 | AG14: 中山 | AH14: 上田 | AI14: 富島 | AJ14: 山田久 | AK14: 河野 | AL14: 尾川 | AM14: 上野 | AN14: 丸田 | AO14: 市田 | AP14: 田中
A15: 2026-05-18 | B15: 月 | C15: 平日 | E15: 馬場 | F15: 山本高 | G15: 岩田 | H15: 野口 | I15: 丸田 | J15: 岡本 | K15: 山本幸 | L15: 北川 | M15: 山田真 | N15: 矢田 | O15: 栗下 | P15: 河野 | Q15: 横田 | R15: 佐野 | S15: 尾川 | T15: 大川内 | U15: 田中 | V15: 上田 | W15: 横山 | X15: 西村 | Y15: 山田久 | Z15: 内野 | AA15: 上野 | AB15: 中村 | AC15: 市田 | AD15: 藤原 | AE15: 植山 | AF15: 欠員① | AG15: 欠員② | AH15: 原 | AI15: 中嶌 | AJ15: 安村 | AK15: 富島 | AL15: 門谷 | AM15: 柴田 | AN15: 中山 | AO15: 谷川 | AP15: 井川
... A77: 2026-07-19 | B77: 日 | C77: 休日 | E77: 内野 | F77: 中嶌 | G77: 谷川 | H77: 原 | I77: 野口 | J77: 藤原 | K77: 河野 | L77: 山田久 | M77: 大川内 | N77: 山本幸 | O77: 横田 | P77: 安村 | Q77: 門谷 | R77: 欠員① | S77: 中村 | T77: 欠員② | U77: 矢田 | V77: 馬場 | W77: 岩田 | X77: 北川 | Y77: 横山 | Z77: 上野 | AA77: 山本高 | AB77: 柴田 | AC77: 田中 | AD77: 市田 | AE77: 上田 | AF77: 富島 | AG77: 西村 | AH77: 尾川 | AI77: 中山 | AJ77: 植山 | AK77: 丸田 | AL77: 岡本 | AM77: 山田真 | AN77: 栗下 | AO77: 井川 | AP77: 佐野
A78: 2026-07-20 | B78: 月 | C78: 休日 | D78: 海の日 | E78: 中村 | F78: 大川内 | G78: 馬場 | H78: 横田 | I78: 栗下 | J78: 岩田 | K78: 富島 | L78: 安村 | M78: 田中 | N78: 欠員① | O78: 北川 | P78: 丸田 | Q78: 山田久 | R78: 山本高 | S78: 岡本 | T78: 矢田 | U78: 佐野 | V78: 尾川 | W78: 上田 | X78: 河野 | Y78: 植山 | Z78: 柴田 | AA78: 山田真 | AB78: 藤原 | AC78: 井川 | AD78: 谷川 | AE78: 原 | AF78: 中嶌 | AG78: 山本幸 | AH78: 門谷 | AI78: 欠員② | AJ78: 野口 | AK78: 中山 | AL78: 横山 | AM78: 市田 | AN78: 西村 | AO78: 内野 | AP78: 上野
A79: 2026-07-21 | B79: 火 | C79: 平日 | E79: 岡本 | F79: 田中 | G79: 尾川 | H79: 北川 | I79: 西村 | J79: 上田 | K79: 中嶌 | L79: 丸田 | M79: 井川 | N79: 山本高 | O79: 河野 | P79: 中山 | Q79: 安村 | R79: 山田真 | S79: 横山 | T79: 佐野 | U79: 上野 | V79: 門谷 | W79: 原 | X79: 富島 | Y79: 野口 | Z79: 藤原 | AA79: 市田 | AB79: 岩田 | AC79: 内野 | AD79: 馬場 | AE79: 横田 | AF79: 大川内 | AG79: 欠員① | AH79: 山田久 | AI79: 矢田 | AJ79: 栗下 | AK79: 欠員② | AL79: 植山 | AM79: 谷川 | AN79: 山本幸 | AO79: 中村 | AP79: 柴田
A80: 2026-07-22 | B80: 水 | C80: 平日 | E80: 横山 | F80: 井川 | G80: 門谷 | H80: 河野 | I80: 山本幸 | J80: 原 | K80: 大川内 | L80: 中山 | M80: 内野 | N80: 山田真 | O80: 富島 | P80: 欠員② | Q80: 丸田 | R80: 市田 | S80: 植山 | T80: 上野 | U80: 柴田 | V80: 山田久 | W80: 横田 | X80: 中嶌 | Y80: 栗下 | Z80: 岩田 | AA80: 谷川 | AB80: 上田 | AC80: 中村 | AD80: 尾川 | AE80: 北川 | AF80: 田中 | AG80: 山本高 | AH80: 安村 | AI80: 佐野 | AJ80: 西村 | AK80: 矢田 | AL80: 野口 | AM80: 馬場 | AN80: 欠員① | AO80: 岡本 | AP80: 藤原
A81: 2026-07-23 | B81: 木 | C81: 平日 | E81: 植山 | F81: 内野 | G81: 山田久 | H81: 富島 | I81: 欠員① | J81: 横田 | K81: 田中 | L81: 欠員② | M81: 中村 | N81: 市田 | O81: 中嶌 | P81: 矢田 | Q81: 中山 | R81: 谷川 | S81: 野口 | T81: 柴田 | U81: 藤原 | V81: 安村 | W81: 北川 | X81: 大川内 | Y81: 西村 | Z81: 上田 | AA81: 馬場 | AB81: 原 | AC81: 岡本 | AD81: 門谷 | AE81: 河野 | AF81: 井川 | AG81: 山田真 | AH81: 丸田 | AI81: 上野 | AJ81: 山本幸 | AK81: 佐野 | AL81: 栗下 | AM81: 尾川 | AN81: 山本高 | AO81: 横山 | AP81: 岩田
A82: 2026-07-24 | B82: 金 | C82: 平日 | E82: 野口 | F82: 中村 | G82: 安村 | H82: 中嶌 | I82: 山本高 | J82: 北川 | K82: 井川 | L82: 矢田 | M82: 岡本 | N82: 谷川 | O82: 大川内 | P82: 佐野 | Q82: 欠員② | R82: 馬場 | S82: 栗下 | T82: 藤原 | U82: 岩田 | V82: 丸田 | W82: 河野 | X82: 田中 | Y82: 山本幸 | Z82: 原 | AA82: 尾川 | AB82: 横田 | AC82: 横山 | AD82: 山田久 | AE82: 富島 | AF82: 内野 | AG82: 市田 | AH82: 中山 | AI82: 柴田 | AJ82: 欠員① | AK82: 上野 | AL82: 西村 | AM82: 門谷 | AN82: 山田真 | AO82: 植山 | AP82: 上田
A83: 2026-07-25 | B83: 土 | C83: 休日 | E83: 栗下 | F83: 岡本 | G83: 丸田 | H83: 大川内 | I83: 山田真 | J83: 河野 | K83: 内野 | L83: 佐野 | M83: 横山 | N83: 馬場 | O83: 田中 | P83: 上野 | Q83: 矢田 | R83: 尾川 | S83: 西村 | T83: 岩田 | U83: 上田 | V83: 中山 | W83: 富島 | X83: 井川 | Y83: 欠員① | Z83: 横田 | AA83: 門谷 | AB83: 北川 | AC83: 植山 | AD83: 安村 | AE83: 中嶌 | AF83: 中村 | AG83: 谷川 | AH83: 欠員② | AI83: 藤原 | AJ83: 山本高 | AK83: 柴田 | AL83: 山本幸 | AM83: 山田久 | AN83: 市田 | AO83: 野口 | AP83: 原
A84: 2026-07-26 | B84: 日 | C84: 休日 | E84: 西村 | F84: 横山 | G84: 中山 | H84: 田中 | I84: 市田 | J84: 富島 | K84: 中村 | L84: 上野 | M84: 植山 | N84: 尾川 | O84: 井川 | P84: 柴田 | Q84: 佐野 | R84: 門谷 | S84: 山本幸 | T84: 上田 | U84: 原 | V84: 欠員② | W84: 中嶌 | X84: 内野 | Y84: 山本高 | Z84: 北川 | AA84: 山田久 | AB84: 河野 | AC84: 野口 | AD84: 丸田 | AE84: 大川内 | AF84: 岡本 | AG84: 馬場 | AH84: 矢田 | AI84: 岩田 | AJ84: 山田真 | AK84: 藤原 | AL84: 欠員① | AM84: 安村 | AN84: 谷川 | AO84: 栗下 | AP84: 横田
A85: 2026-07-27 | B85: 月 | C85: 平日 | E85: 山本幸 | F85: 植山 | G85: 欠員② | H85: 井川 | I85: 谷川 | J85: 中嶌 | K85: 岡本 | L85: 柴田 | M85: 野口 | N85: 門谷 | O85: 内野 | P85: 藤原 | Q85: 上野 | R85: 山田久 | S85: 欠員① | T85: 原 | U85: 横田 | V85: 矢田 | W85: 大川内 | X85: 中村 | Y85: 山田真 | Z85: 河野 | AA85: 安村 | AB85: 富島 | AC85: 栗下 | AD85: 中山 | AE85: 田中 | AF85: 横山 | AG85: 尾川 | AH85: 佐野 | AI85: 上田 | AJ85: 市田 | AK85: 岩田 | AL85: 山本高 | AM85: 丸田 | AN85: 馬場 | AO85: 西村 | AP85: 北川
A86: 2026-07-28 | B86: 火 | C86: 平日 | E86: 欠員① | F86: 野口 | G86: 矢田 | H86: 内野 | I86: 馬場 | J86: 大川内 | K86: 横山 | L86: 藤原 | M86: 栗下 | N86: 山田久 | O86: 中村 | P86: 岩田 | Q86: 柴田 | R86: 安村 | S86: 山本高 | T86: 横田 | U86: 北川 | V86: 佐野 | W86: 田中 | X86: 岡本 | Y86: 市田 | Z86: 富島 | AA86: 丸田 | AB86: 中嶌 | AC86: 西村 | AD86: 欠員② | AE86: 井川 | AF86: 植山 | AG86: 門谷 | AH86: 上野 | AI86: 原 | AJ86: 谷川 | AK86: 上田 | AL86: 山田真 | AM86: 中山 | AN86: 尾川 | AO86: 山本幸 | AP86: 河野
A87: 2026-07-29 | B87: 水 | C87: 平日 | E87: 山本高 | F87: 栗下 | G87: 佐野 | H87: 中村 | I87: 尾川 | J87: 田中 | K87: 植山 | L87: 岩田 | M87: 西村 | N87: 安村 | O87: 岡本 | P87: 上田 | Q87: 藤原 | R87: 丸田 | S87: 山田真 | T87: 北川 | U87: 河野 | V87: 上野 | W87: 井川 | X87: 横山 | Y87: 谷川 | Z87: 中嶌 | AA87: 中山 | AB87: 大川内 | AC87: 山本幸 | AD87: 矢田 | AE87: 内野 | AF87: 野口 | AG87: 山田久 | AH87: 柴田 | AI87: 横田 | AJ87: 馬場 | AK87: 原 | AL87: 市田 | AM87: 欠員② | AN87: 門谷 | AO87: 欠員① | AP87: 富島
A88: 2026-07-30 | B88: 木 | C88: 平日 | E88: 山田真 | F88: 西村 | G88: 上野 | H88: 岡本 | I88: 門谷 | J88: 井川 | K88: 野口 | L88: 上田 | M88: 山本幸 | N88: 丸田 | O88: 横山 | P88: 原 | Q88: 岩田 | R88: 中山 | S88: 市田 | T88: 河野 | U88: 富島 | V88: 柴田 | W88: 内野 | X88: 植山 | Y88: 馬場 | Z88: 大川内 | AA88: 欠員② | AB88: 田中 | AC88: 欠員① | AD88: 佐野 | AE88: 中村 | AF88: 栗下 | AG88: 安村 | AH88: 藤原 | AI88: 北川 | AJ88: 尾川 | AK88: 横田 | AL88: 谷川 | AM88: 矢田 | AN88: 山田久 | AO88: 山本高 | AP88: 中嶌
A89: 2026-07-31 | B89: 金 | C89: 平日 | E89: 市田 | F89: 山本幸 | G89: 柴田 | H89: 横山 | I89: 山田久 | J89: 内野 | K89: 栗下 | L89: 原 | M89: 欠員① | N89: 中山 | O89: 植山 | P89: 横田 | Q89: 上田 | R89: 欠員② | S89: 谷川 | T89: 富島 | U89: 中嶌 | V89: 藤原 | W89: 中村 | X89: 野口 | Y89: 尾川 | Z89: 田中 | AA89: 矢田 | AB89: 井川 | AC89: 山本高 | AD89: 上野 | AE89: 岡本 | AF89: 西村 | AG89: 丸田 | AH89: 岩田 | AI89: 河野 | AJ89: 門谷 | AK89: 北川 | AL89: 馬場 | AM89: 佐野 | AN89: 安村 | AO89: 山田真 | AP89: 大川内
A90: 2026-08-01 | B90: 土 | C90: 休日 | E90: 谷川 | F90: 欠員① | G90: 藤原 | H90: 植山 | I90: 安村 | J90: 中村 | K90: 西村 | L90: 横田 | M90: 山本高 | N90: 欠員② | O90: 野口 | P90: 北川 | Q90: 原 | R90: 矢田 | S90: 馬場 | T90: 中嶌 | U90: 大川内 | V90: 岩田 | W90: 岡本 | X90: 栗下 | Y90: 門谷 | Z90: 井川 | AA90: 佐野 | AB90: 内野 | AC90: 山田真 | AD90: 柴田 | AE90: 横山 | AF90: 山本幸 | AG90: 中山 | AH90: 上田 | AI90: 富島 | AJ90: 山田久 | AK90: 河野 | AL90: 尾川 | AM90: 上野 | AN90: 丸田 | AO90: 市田 | AP90: 田中
... A99: 2026-08-10 | B99: 月 | C99: 平日 | E99: 矢田 | F99: 安村 | G99: 大川内 | H99: 谷川 | I99: 岩田 | J99: 山本高 | K99: 門谷 | L99: 中村 | M99: 丸田 | N99: 横田 | O99: 馬場 | P99: 岡本 | Q99: 内野 | R99: 北川 | S99: 佐野 | T99: 野口 | U99: 栗下 | V99: 田中 | W99: 山田真 | X99: 尾川 | Y99: 柴田 | Z99: 山本幸 | AA99: 河野 | AB99: 欠員① | AC99: 中山 | AD99: 中嶌 | AE99: 市田 | AF99: 山田久 | AG99: 原 | AH99: 井川 | AI99: 植山 | AJ99: 藤原 | AK99: 横山 | AL99: 上野 | AM99: 富島 | AN99: 上田 | AO99: 欠員② | AP99: 西村
A100: 2026-08-11 | B100: 火 | C100: 休日 | D100: 山の日 | E100: 佐野 | F100: 丸田 | G100: 田中 | H100: 馬場 | I100: 上田 | J100: 山田真 | K100: 山田久 | L100: 岡本 | M100: 中山 | N100: 北川 | O100: 尾川 | P100: 横山 | Q100: 中村 | R100: 河野 | S100: 上野 | T100: 栗下 | U100: 西村 | V100: 井川 | W100: 市田 | X100: 門谷 | Y100: 藤原 | Z100: 欠員① | AA100: 富島 | AB100: 山本高 | AC100: 欠員② | AD100: 大川内 | AE100: 谷川 | AF100: 安村 | AG100: 横田 | AH100: 内野 | AI100: 野口 | AJ100: 岩田 | AK100: 植山 | AL100: 柴田 | AM100: 中嶌 | AN100: 原 | AO100: 矢田 | AP100: 山本幸
A101: 2026-08-12 | B101: 水 | C101: 平日 | E101: 上野 | F101: 中山 | G101: 井川 | H101: 尾川 | I101: 原 | J101: 市田 | K101: 安村 | L101: 横山 | M101: 欠員② | N101: 河野 | O101: 門谷 | P101: 植山 | Q101: 岡本 | R101: 富島 | S101: 柴田 | T101: 西村 | U101: 山本幸 | V101: 内野 | W101: 谷川 | X101: 山田久 | Y101: 岩田 | Z101: 山本高 | AA101: 中嶌 | AB101: 山田真 | AC101: 矢田 | AD101: 田中 | AE101: 馬場 | AF101: 丸田 | AG101: 北川 | AH101: 中村 | AI101: 栗下 | AJ101: 上田 | AK101: 野口 | AL101: 藤原 | AM101: 大川内 | AN101: 横田 | AO101: 佐野 | AP101: 欠員①
A102: 2026-08-13 | B102: 木 | C102: 平日 | E102: 柴田 | F102: 欠員② | G102: 内野 | H102: 門谷 | I102: 横田 | J102: 谷川 | K102: 丸田 | L102: 植山 | M102: 矢田 | N102: 富島 | O102: 山田久 | P102: 野口 | Q102: 横山 | R102: 中嶌 | S102: 藤原 | T102: 山本幸 | U102: 欠員① | V102: 中村 | W102: 馬場 | X102: 安村 | Y102: 上田 | Z102: 山田真 | AA102: 大川内 | AB102: 市田 | AC102: 佐野 | AD102: 井川 | AE102: 尾川 | AF102: 中山 | AG102: 河野 | AH102: 岡本 | AI102: 西村 | AJ102: 原 | AK102: 栗下 | AL102: 岩田 | AM102: 田中 | AN102: 北川 | AO102: 上野 | AP102: 山本高
A103: 2026-08-14 | B103: 金 | C103: 平日 | E103: 藤原 | F103: 矢田 | G103: 中村 | H103: 山田久 | I103: 北川 | J103: 馬場 | K103: 中山 | L103: 野口 | M103: 佐野 | N103: 中嶌 | O103: 安村 | P103: 栗下 | Q103: 植山 | R103: 大川内 | S103: 岩田 | T103: 欠員① | U103: 山本高 | V103: 岡本 | W103: 尾川 | X103: 丸田 | Y103: 原 | Z103: 市田 | AA103: 田中 | AB103: 谷川 | AC103: 上野 | AD103: 内野 | AE103: 門谷 | AF103: 欠員② | AG103: 富島 | AH103: 横山 | AI103: 山本幸 | AJ103: 横田 | AK103: 西村 | AL103: 上田 | AM103: 井川 | AN103: 河野 | AO103: 柴田 | AP103: 山田真
A104: 2026-08-15 | B104: 土 | C104: 休日 | E104: 岩田 | F104: 佐野 | G104: 岡本 | H104: 安村 | I104: 河野 | J104: 尾川 | K104: 欠員② | L104: 栗下 | M104: 上野 | N104: 大川内 | O104: 丸田 | P104: 西村 | Q104: 野口 | R104: 田中 | S104: 上田 | T104: 山本高 | U104: 山田真 | V104: 横山 | W104: 門谷 | X104: 中山 | Y104: 横田 | Z104: 谷川 | AA104: 井川 | AB104: 馬場 | AC104: 柴田 | AD104: 中村 | AE104: 山田久 | AF104: 矢田 | AG104: 中嶌 | AH104: 植山 | AI104: 欠員① | AJ104: 北川 | AK104: 山本幸 | AL104: 原 | AM104: 内野 | AN104: 富島 | AO104: 藤原 | AP104: 市田
A105: 2026-08-16 | B105: 日 | C105: 休日 | E105: 上田 | F105: 上野 | G105: 横山 | H105: 丸田 | I105: 富島 | J105: 門谷 | K105: 矢田 | L105: 西村 | M105: 柴田 | N105: 田中 | O105: 中山 | P105: 山本幸 | Q105: 栗下 | R105: 井川 | S105: 原 | T105: 山田真 | U105: 市田 | V105: 植山 | W105: 山田久 | X105: 欠員② | Y105: 北川 | Z105: 馬場 | AA105: 内野 | AB105: 尾川 | AC105: 藤原 | AD105: 岡本 | AE105: 安村 | AF105: 佐野 | AG105: 大川内 | AH105: 野口 | AI105: 山本高 | AJ105: 河野 | AK105: 欠員① | AL105: 横田 | AM105: 中村 | AN105: 中嶌 | AO105: 岩田 | AP105: 谷川
A106: 2026-08-17 | B106: 月 | C106: 平日 | E106: 原 | F106: 柴田 | G106: 植山 | H106: 中山 | I106: 中嶌 | J106: 山田久 | K106: 佐野 | L106: 山本幸 | M106: 藤原 | N106: 井川 | O106: 欠員② | P106: 欠員① | Q106: 西村 | R106: 内野 | S106: 横田 | T106: 市田 | U106: 谷川 | V106: 野口 | W106: 安村 | X106: 矢田 | Y106: 河野 | Z106: 尾川 | AA106: 中村 | AB106: 門谷 | AC106: 岩田 | AD106: 横山 | AE106: 丸田 | AF106: 上野 | AG106: 田中 | AH106: 栗下 | AI106: 山田真 | AJ106: 富島 | AK106: 山本高 | AL106: 北川 | AM106: 岡本 | AN106: 大川内 | AO106: 上田 | AP106: 馬場
A107: 2026-08-18 | B107: 火 | C107: 平日 | E107: 横田 | F107: 藤原 | G107: 野口 | H107: 欠員② | I107: 大川内 | J107: 安村 | K107: 上野 | L107: 欠員① | M107: 岩田 | N107: 内野 | O107: 矢田 | P107: 山本高 | Q107: 山本幸 | R107: 中村 | S107: 北川 | T107: 谷川 | U107: 馬場 | V107: 栗下 | W107: 丸田 | X107: 佐野 | Y107: 富島 | Z107: 門谷 | AA107: 岡本 | AB107: 山田久 | AC107: 上田 | AD107: 植山 | AE107: 中山 | AF107: 柴田 | AG107: 井川 | AH107: 西村 | AI107: 市田 | AJ107: 中嶌 | AK107: 山田真 | AL107: 河野 | AM107: 横山 | AN107: 田中 | AO107: 原 | AP107: 尾川
A108: 2026-08-19 | B108: 水 | C108: 平日 | E108: 北川 | F108: 岩田 | G108: 栗下 | H108: 矢田 | I108: 田中 | J108: 丸田 | K108: 柴田 | L108: 山本高 | M108: 上田 | N108: 中村 | O108: 佐野 | P108: 山田真 | Q108: 欠員① | R108: 岡本 | S108: 河野 | T108: 馬場 | U108: 尾川 | V108: 西村 | W108: 中山 | X108: 上野 | Y108: 中嶌 | Z108: 山田久 | AA108: 横山 | AB108: 安村 | AC108: 原 | AD108: 野口 | AE108: 欠員② | AF108: 藤原 | AG108: 内野 | AH108: 山本幸 | AI108: 谷川 | AJ108: 大川内 | AK108: 市田 | AL108: 富島 | AM108: 植山 | AN108: 井川 | AO108: 横田 | AP108: 門谷
A109: 2026-08-20 | B109: 木 | C109: 平日 | E109: 河野 | F109: 上田 | G109: 西村 | H109: 佐野 | I109: 井川 | J109: 中山 | K109: 藤原 | L109: 山田真 | M109: 原 | N109: 岡本 | O109: 上野 | P109: 市田 | Q109: 山本高 | R109: 横山 | S109: 富島 | T109: 尾川 | U109: 門谷 | V109: 山本幸 | W109: 欠員② | X109: 柴田 | Y109: 大川内 | Z109: 安村 | AA109: 植山 | AB109: 丸田 | AC109: 横田 | AD109: 栗下 | AE109: 矢田 | AF109: 岩田 | AG109: 中村 | AH109: 欠員① | AI109: 馬場 | AJ109: 田中 | AK109: 谷川 | AL109: 中嶌 | AM109: 野口 | AN109: 内野 | AO109: 北川 | AP109: 山田久
A110: 2026-08-21 | B110: 金 | C110: 平日 | E110: 富島 | F110: 原 | G110: 山本幸 | H110: 上野 | I110: 内野 | J110: 欠員② | K110: 岩田 | L110: 市田 | M110: 横田 | N110: 横山 | O110: 柴田 | P110: 谷川 | Q110: 山田真 | R110: 植山 | S110: 中嶌 | T110: 門谷 | U110: 山田久 | V110: 欠員① | W110: 矢田 | X110: 藤原 | Y110: 田中 | Z110: 丸田 | AA110: 野口 | AB110: 中山 | AC110: 北川 | AD110: 西村 | AE110: 佐野 | AF110: 上田 | AG110: 岡本 | AH110: 山本高 | AI110: 尾川 | AJ110: 井川 | AK110: 馬場 | AL110: 大川内 | AM110: 栗下 | AN110: 中村 | AO110: 河野 | AP110: 安村
A111: 2026-08-22 | B111: 土 | C111: 休日 | E111: 中嶌 | F111: 横田 | G111: 欠員① | H111: 柴田 | I111: 中村 | J111: 矢田 | K111: 上田 | L111: 谷川 | M111: 北川 | N111: 植山 | O111: 藤原 | P111: 馬場 | Q111: 市田 | R111: 野口 | S111: 大川内 | T111: 山田久 | U111: 安村 | V111: 山本高 | W111: 佐野 | X111: 岩田 | Y111: 井川 | Z111: 中山 | AA111: 栗下 | AB111: 欠員② | AC111: 河野 | AD111: 山本幸 | AE111: 上野 | AF111: 原 | AG111: 横山 | AH111: 山田真 | AI111: 門谷 | AJ111: 内野 | AK111: 尾川 | AL111: 田中 | AM111: 西村 | AN111: 岡本 | AO111: 富島 | AP111: 丸田
A112: 2026-08-23 | B112: 日 | C112: 休日 | E112: 大川内 | F112: 北川 | G112: 山本高 | H112: 藤原 | I112: 岡本 | J112: 佐野 | K112: 原 | L112: 馬場 | M112: 河野 | N112: 野口 | O112: 岩田 | P112: 尾川 | Q112: 谷川 | R112: 栗下 | S112: 田中 | T112: 安村 | U112: 丸田 | V112: 山田真 | W112: 上野 | X112: 上田 | Y112: 内野 | Z112: 欠員② | AA112: 西村 | AB112: 矢田 | AC112: 富島 | AD112: 欠員① | AE112: 柴田 | AF112: 横田 | AG112: 植山 | AH112: 市田 | AI112: 山田久 | AJ112: 中村 | AK112: 門谷 | AL112: 井川 | AM112: 山本幸 | AN112: 横山 | AO112: 中嶌 | AP112: 中山
... A140: 2026-09-20 | B140: 日 | C140: 休日 | E140: 柴田 | F140: 欠員② | G140: 内野 | H140: 門谷 | I140: 横田 | J140: 谷川 | K140: 丸田 | L140: 植山 | M140: 矢田 | N140: 富島 | O140: 山田久 | P140: 野口 | Q140: 横山 | R140: 中嶌 | S140: 藤原 | T140: 山本幸 | U140: 欠員① | V140: 中村 | W140: 馬場 | X140: 安村 | Y140: 上田 | Z140: 山田真 | AA140: 大川内 | AB140: 市田 | AC140: 佐野 | AD140: 井川 | AE140: 尾川 | AF140: 中山 | AG140: 河野 | AH140: 岡本 | AI140: 西村 | AJ140: 原 | AK140: 栗下 | AL140: 岩田 | AM140: 田中 | AN140: 北川 | AO140: 上野 | AP140: 山本高
A141: 2026-09-21 | B141: 月 | C141: 休日 | D141: 敬老の日 | E141: 藤原 | F141: 矢田 | G141: 中村 | H141: 山田久 | I141: 北川 | J141: 馬場 | K141: 中山 | L141: 野口 | M141: 佐野 | N141: 中嶌 | O141: 安村 | P141: 栗下 | Q141: 植山 | R141: 大川内 | S141: 岩田 | T141: 欠員① | U141: 山本高 | V141: 岡本 | W141: 尾川 | X141: 丸田 | Y141: 原 | Z141: 市田 | AA141: 田中 | AB141: 谷川 | AC141: 上野 | AD141: 内野 | AE141: 門谷 | AF141: 欠員② | AG141: 富島 | AH141: 横山 | AI141: 山本幸 | AJ141: 横田 | AK141: 西村 | AL141: 上田 | AM141: 井川 | AN141: 河野 | AO141: 柴田 | AP141: 山田真
A142: 2026-09-22 | B142: 火 | C142: 休日 | D142: 国民の休日 | E142: 岩田 | F142: 佐野 | G142: 岡本 | H142: 安村 | I142: 河野 | J142: 尾川 | K142: 欠員② | L142: 栗下 | M142: 上野 | N142: 大川内 | O142: 丸田 | P142: 西村 | Q142: 野口 | R142: 田中 | S142: 上田 | T142: 山本高 | U142: 山田真 | V142: 横山 | W142: 門谷 | X142: 中山 | Y142: 横田 | Z142: 谷川 | AA142: 井川 | AB142: 馬場 | AC142: 柴田 | AD142: 中村 | AE142: 山田久 | AF142: 矢田 | AG142: 中嶌 | AH142: 植山 | AI142: 欠員① | AJ142: 北川 | AK142: 山本幸 | AL142: 原 | AM142: 内野 | AN142: 富島 | AO142: 藤原 | AP142: 市田
A143: 2026-09-23 | B143: 水 | C143: 休日 | D143: 秋分の日 | E143: 上田 | F143: 上野 | G143: 横山 | H143: 丸田 | I143: 富島 | J143: 門谷 | K143: 矢田 | L143: 西村 | M143: 柴田 | N143: 田中 | O143: 中山 | P143: 山本幸 | Q143: 栗下 | R143: 井川 | S143: 原 | T143: 山田真 | U143: 市田 | V143: 植山 | W143: 山田久 | X143: 欠員② | Y143: 北川 | Z143: 馬場 | AA143: 内野 | AB143: 尾川 | AC143: 藤原 | AD143: 岡本 | AE143: 安村 | AF143: 佐野 | AG143: 大川内 | AH143: 野口 | AI143: 山本高 | AJ143: 河野 | AK143: 欠員① | AL143: 横田 | AM143: 中村 | AN143: 中嶌 | AO143: 岩田 | AP143: 谷川
A144: 2026-09-24 | B144: 木 | C144: 平日 | E144: 原 | F144: 柴田 | G144: 植山 | H144: 中山 | I144: 中嶌 | J144: 山田久 | K144: 佐野 | L144: 山本幸 | M144: 藤原 | N144: 井川 | O144: 欠員② | P144: 欠員① | Q144: 西村 | R144: 内野 | S144: 横田 | T144: 市田 | U144: 谷川 | V144: 野口 | W144: 安村 | X144: 矢田 | Y144: 河野 | Z144: 尾川 | AA144: 中村 | AB144: 門谷 | AC144: 岩田 | AD144: 横山 | AE144: 丸田 | AF144: 上野 | AG144: 田中 | AH144: 栗下 | AI144: 山田真 | AJ144: 富島 | AK144: 山本高 | AL144: 北川 | AM144: 岡本 | AN144: 大川内 | AO144: 上田 | AP144: 馬場
A145: 2026-09-25 | B145: 金 | C145: 平日 | E145: 横田 | F145: 藤原 | G145: 野口 | H145: 欠員② | I145: 大川内 | J145: 安村 | K145: 上野 | L145: 欠員① | M145: 岩田 | N145: 内野 | O145: 矢田 | P145: 山本高 | Q145: 山本幸 | R145: 中村 | S145: 北川 | T145: 谷川 | U145: 馬場 | V145: 栗下 | W145: 丸田 | X145: 佐野 | Y145: 富島 | Z145: 門谷 | AA145: 岡本 | AB145: 山田久 | AC145: 上田 | AD145: 植山 | AE145: 中山 | AF145: 柴田 | AG145: 井川 | AH145: 西村 | AI145: 市田 | AJ145: 中嶌 | AK145: 山田真 | AL145: 河野 | AM145: 横山 | AN145: 田中 | AO145: 原 | AP145: 尾川
A146: 2026-09-26 | B146: 土 | C146: 休日 | E146: 北川 | F146: 岩田 | G146: 栗下 | H146: 矢田 | I146: 田中 | J146: 丸田 | K146: 柴田 | L146: 山本高 | M146: 上田 | N146: 中村 | O146: 佐野 | P146: 山田真 | Q146: 欠員① | R146: 岡本 | S146: 河野 | T146: 馬場 | U146: 尾川 | V146: 西村 | W146: 中山 | X146: 上野 | Y146: 中嶌 | Z146: 山田久 | AA146: 横山 | AB146: 安村 | AC146: 原 | AD146: 野口 | AE146: 欠員② | AF146: 藤原 | AG146: 内野 | AH146: 山本幸 | AI146: 谷川 | AJ146: 大川内 | AK146: 市田 | AL146: 富島 | AM146: 植山 | AN146: 井川 | AO146: 横田 | AP146: 門谷
A147: 2026-09-27 | B147: 日 | C147: 休日 | E147: 河野 | F147: 上田 | G147: 西村 | H147: 佐野 | I147: 井川 | J147: 中山 | K147: 藤原 | L147: 山田真 | M147: 原 | N147: 岡本 | O147: 上野 | P147: 市田 | Q147: 山本高 | R147: 横山 | S147: 富島 | T147: 尾川 | U147: 門谷 | V147: 山本幸 | W147: 欠員② | X147: 柴田 | Y147: 大川内 | Z147: 安村 | AA147: 植山 | AB147: 丸田 | AC147: 横田 | AD147: 栗下 | AE147: 矢田 | AF147: 岩田 | AG147: 中村 | AH147: 欠員① | AI147: 馬場 | AJ147: 田中 | AK147: 谷川 | AL147: 中嶌 | AM147: 野口 | AN147: 内野 | AO147: 北川 | AP147: 山田久
A148: 2026-09-28 | B148: 月 | C148: 平日 | E148: 富島 | F148: 原 | G148: 山本幸 | H148: 上野 | I148: 内野 | J148: 欠員② | K148: 岩田 | L148: 市田 | M148: 横田 | N148: 横山 | O148: 柴田 | P148: 谷川 | Q148: 山田真 | R148: 植山 | S148: 中嶌 | T148: 門谷 | U148: 山田久 | V148: 欠員① | W148: 矢田 | X148: 藤原 | Y148: 田中 | Z148: 丸田 | AA148: 野口 | AB148: 中山 | AC148: 北川 | AD148: 西村 | AE148: 佐野 | AF148: 上田 | AG148: 岡本 | AH148: 山本高 | AI148: 尾川 | AJ148: 井川 | AK148: 馬場 | AL148: 大川内 | AM148: 栗下 | AN148: 中村 | AO148: 河野 | AP148: 安村
A149: 2026-09-29 | B149: 火 | C149: 平日 | E149: 中嶌 | F149: 横田 | G149: 欠員① | H149: 柴田 | I149: 中村 | J149: 矢田 | K149: 上田 | L149: 谷川 | M149: 北川 | N149: 植山 | O149: 藤原 | P149: 馬場 | Q149: 市田 | R149: 野口 | S149: 大川内 | T149: 山田久 | U149: 安村 | V149: 山本高 | W149: 佐野 | X149: 岩田 | Y149: 井川 | Z149: 中山 | AA149: 栗下 | AB149: 欠員② | AC149: 河野 | AD149: 山本幸 | AE149: 上野 | AF149: 原 | AG149: 横山 | AH149: 山田真 | AI149: 門谷 | AJ149: 内野 | AK149: 尾川 | AL149: 田中 | AM149: 西村 | AN149: 岡本 | AO149: 富島 | AP149: 丸田
A150: 2026-09-30 | B150: 水 | C150: 平日 | E150: 大川内 | F150: 北川 | G150: 山本高 | H150: 藤原 | I150: 岡本 | J150: 佐野 | K150: 原 | L150: 馬場 | M150: 河野 | N150: 野口 | O150: 岩田 | P150: 尾川 | Q150: 谷川 | R150: 栗下 | S150: 田中 | T150: 安村 | U150: 丸田 | V150: 山田真 | W150: 上野 | X150: 上田 | Y150: 内野 | Z150: 欠員② | AA150: 西村 | AB150: 矢田 | AC150: 富島 | AD150: 欠員① | AE150: 柴田 | AF150: 横田 | AG150: 植山 | AH150: 市田 | AI150: 山田久 | AJ150: 中村 | AK150: 門谷 | AL150: 井川 | AM150: 山本幸 | AN150: 横山 | AO150: 中嶌 | AP150: 中山
A151: 2026-10-01 | B151: 木 | C151: 平日 | E151: 田中 | F151: 河野 | G151: 山田真 | H151: 岩田 | I151: 横山 | J151: 上野 | K151: 横田 | L151: 尾川 | M151: 富島 | N151: 栗下 | O151: 上田 | P151: 門谷 | Q151: 馬場 | R151: 西村 | S151: 井川 | T151: 丸田 | U151: 中山 | V151: 市田 | W151: 柴田 | X151: 原 | Y151: 中村 | Z151: 矢田 | AA151: 山本幸 | AB151: 佐野 | AC151: 中嶌 | AD151: 山本高 | AE151: 藤原 | AF151: 北川 | AG151: 野口 | AH151: 谷川 | AI151: 安村 | AJ151: 岡本 | AK151: 山田久 | AL151: 内野 | AM151: 欠員① | AN151: 植山 | AO151: 大川内 | AP151: 欠員②
A152: 2026-10-02 | B152: 金 | C152: 平日 | E152: 井川 | F152: 富島 | G152: 市田 | H152: 上田 | I152: 植山 | J152: 柴田 | K152: 北川 | L152: 門谷 | M152: 中嶌 | N152: 西村 | O152: 原 | P152: 山田久 | Q152: 尾川 | R152: 山本幸 | S152: 内野 | T152: 中山 | U152: 欠員② | V152: 谷川 | W152: 藤原 | X152: 横田 | Y152: 岡本 | Z152: 佐野 | AA152: 欠員① | AB152: 上野 | AC152: 大川内 | AD152: 山田真 | AE152: 岩田 | AF152: 河野 | AG152: 栗下 | AH152: 馬場 | AI152: 丸田 | AJ152: 横山 | AK152: 安村 | AL152: 中村 | AM152: 山本高 | AN152: 野口 | AO152: 田中 | AP152: 矢田
A153: 2026-10-03 | B153: 土 | C153: 休日 | E153: 内野 | F153: 中嶌 | G153: 谷川 | H153: 原 | I153: 野口 | J153: 藤原 | K153: 河野 | L153: 山田久 | M153: 大川内 | N153: 山本幸 | O153: 横田 | P153: 安村 | Q153: 門谷 | R153: 欠員① | S153: 中村 | T153: 欠員② | U153: 矢田 | V153: 馬場 | W153: 岩田 | X153: 北川 | Y153: 横山 | Z153: 上野 | AA153: 山本高 | AB153: 柴田 | AC153: 田中 | AD153: 市田 | AE153: 上田 | AF153: 富島 | AG153: 西村 | AH153: 尾川 | AI153: 中山 | AJ153: 植山 | AK153: 丸田 | AL153: 岡本 | AM153: 山田真 | AN153: 栗下 | AO153: 井川 | AP153: 佐野
A154: 2026-10-04 | B154: 日 | C154: 休日 | E154: 中村 | F154: 大川内 | G154: 馬場 | H154: 横田 | I154: 栗下 | J154: 岩田 | K154: 富島 | L154: 安村 | M154: 田中 | N154: 欠員① | O154: 北川 | P154: 丸田 | Q154: 山田久 | R154: 山本高 | S154: 岡本 | T154: 矢田 | U154: 佐野 | V154: 尾川 | W154: 上田 | X154: 河野 | Y154: 植山 | Z154: 柴田 | AA154: 山田真 | AB154: 藤原 | AC154: 井川 | AD154: 谷川 | AE154: 原 | AF154: 中嶌 | AG154: 山本幸 | AH154: 門谷 | AI154: 欠員② | AJ154: 野口 | AK154: 中山 | AL154: 横山 | AM154: 市田 | AN154: 西村 | AO154: 内野 | AP154: 上野
A155: 2026-10-05 | B155: 月 | C155: 平日 | E155: 岡本 | F155: 田中 | G155: 尾川 | H155: 北川 | I155: 西村 | J155: 上田 | K155: 中嶌 | L155: 丸田 | M155: 井川 | N155: 山本高 | O155: 河野 | P155: 中山 | Q155: 安村 | R155: 山田真 | S155: 横山 | T155: 佐野 | U155: 上野 | V155: 門谷 | W155: 原 | X155: 富島 | Y155: 野口 | Z155: 藤原 | AA155: 市田 | AB155: 岩田 | AC155: 内野 | AD155: 馬場 | AE155: 横田 | AF155: 大川内 | AG155: 欠員① | AH155: 山田久 | AI155: 矢田 | AJ155: 栗下 | AK155: 欠員② | AL155: 植山 | AM155: 谷川 | AN155: 山本幸 | AO155: 中村 | AP155: 柴田
... A161: 2026-10-11 | B161: 日 | C161: 休日 | E161: 山本幸 | F161: 植山 | G161: 欠員② | H161: 井川 | I161: 谷川 | J161: 中嶌 | K161: 岡本 | L161: 柴田 | M161: 野口 | N161: 門谷 | O161: 内野 | P161: 藤原 | Q161: 上野 | R161: 山田久 | S161: 欠員① | T161: 原 | U161: 横田 | V161: 矢田 | W161: 大川内 | X161: 中村 | Y161: 山田真 | Z161: 河野 | AA161: 安村 | AB161: 富島 | AC161: 栗下 | AD161: 中山 | AE161: 田中 | AF161: 横山 | AG161: 尾川 | AH161: 佐野 | AI161: 上田 | AJ161: 市田 | AK161: 岩田 | AL161: 山本高 | AM161: 丸田 | AN161: 馬場 | AO161: 西村 | AP161: 北川
A162: 2026-10-12 | B162: 月 | C162: 休日 | D162: スポーツの日 | E162: 欠員① | F162: 野口 | G162: 矢田 | H162: 内野 | I162: 馬場 | J162: 大川内 | K162: 横山 | L162: 藤原 | M162: 栗下 | N162: 山田久 | O162: 中村 | P162: 岩田 | Q162: 柴田 | R162: 安村 | S162: 山本高 | T162: 横田 | U162: 北川 | V162: 佐野 | W162: 田中 | X162: 岡本 | Y162: 市田 | Z162: 富島 | AA162: 丸田 | AB162: 中嶌 | AC162: 西村 | AD162: 欠員② | AE162: 井川 | AF162: 植山 | AG162: 門谷 | AH162: 上野 | AI162: 原 | AJ162: 谷川 | AK162: 上田 | AL162: 山田真 | AM162: 中山 | AN162: 尾川 | AO162: 山本幸 | AP162: 河野
A163: 2026-10-13 | B163: 火 | C163: 平日 | E163: 山本高 | F163: 栗下 | G163: 佐野 | H163: 中村 | I163: 尾川 | J163: 田中 | K163: 植山 | L163: 岩田 | M163: 西村 | N163: 安村 | O163: 岡本 | P163: 上田 | Q163: 藤原 | R163: 丸田 | S163: 山田真 | T163: 北川 | U163: 河野 | V163: 上野 | W163: 井川 | X163: 横山 | Y163: 谷川 | Z163: 中嶌 | AA163: 中山 | AB163: 大川内 | AC163: 山本幸 | AD163: 矢田 | AE163: 内野 | AF163: 野口 | AG163: 山田久 | AH163: 柴田 | AI163: 横田 | AJ163: 馬場 | AK163: 原 | AL163: 市田 | AM163: 欠員② | AN163: 門谷 | AO163: 欠員① | AP163: 富島
A164: 2026-10-14 | B164: 水 | C164: 平日 | E164: 山田真 | F164: 西村 | G164: 上野 | H164: 岡本 | I164: 門谷 | J164: 井川 | K164: 野口 | L164: 上田 | M164: 山本幸 | N164: 丸田 | O164: 横山 | P164: 原 | Q164: 岩田 | R164: 中山 | S164: 市田 | T164: 河野 | U164: 富島 | V164: 柴田 | W164: 内野 | X164: 植山 | Y164: 馬場 | Z164: 大川内 | AA164: 欠員② | AB164: 田中 | AC164: 欠員① | AD164: 佐野 | AE164: 中村 | AF164: 栗下 | AG164: 安村 | AH164: 藤原 | AI164: 北川 | AJ164: 尾川 | AK164: 横田 | AL164: 谷川 | AM164: 矢田 | AN164: 山田久 | AO164: 山本高 | AP164: 中嶌
A165: 2026-10-15 | B165: 木 | C165: 平日 | E165: 市田 | F165: 山本幸 | G165: 柴田 | H165: 横山 | I165: 山田久 | J165: 内野 | K165: 栗下 | L165: 原 | M165: 欠員① | N165: 中山 | O165: 植山 | P165: 横田 | Q165: 上田 | R165: 欠員② | S165: 谷川 | T165: 富島 | U165: 中嶌 | V165: 藤原 | W165: 中村 | X165: 野口 | Y165: 尾川 | Z165: 田中 | AA165: 矢田 | AB165: 井川 | AC165: 山本高 | AD165: 上野 | AE165: 岡本 | AF165: 西村 | AG165: 丸田 | AH165: 岩田 | AI165: 河野 | AJ165: 門谷 | AK165: 北川 | AL165: 馬場 | AM165: 佐野 | AN165: 安村 | AO165: 山田真 | AP165: 大川内
A166: 2026-10-16 | B166: 金 | C166: 平日 | E166: 谷川 | F166: 欠員① | G166: 藤原 | H166: 植山 | I166: 安村 | J166: 中村 | K166: 西村 | L166: 横田 | M166: 山本高 | N166: 欠員② | O166: 野口 | P166: 北川 | Q166: 原 | R166: 矢田 | S166: 馬場 | T166: 中嶌 | U166: 大川内 | V166: 岩田 | W166: 岡本 | X166: 栗下 | Y166: 門谷 | Z166: 井川 | AA166: 佐野 | AB166: 内野 | AC166: 山田真 | AD166: 柴田 | AE166: 横山 | AF166: 山本幸 | AG166: 中山 | AH166: 上田 | AI166: 富島 | AJ166: 山田久 | AK166: 河野 | AL166: 尾川 | AM166: 上野 | AN166: 丸田 | AO166: 市田 | AP166: 田中
A167: 2026-10-17 | B167: 土 | C167: 休日 | E167: 馬場 | F167: 山本高 | G167: 岩田 | H167: 野口 | I167: 丸田 | J167: 岡本 | K167: 山本幸 | L167: 北川 | M167: 山田真 | N167: 矢田 | O167: 栗下 | P167: 河野 | Q167: 横田 | R167: 佐野 | S167: 尾川 | T167: 大川内 | U167: 田中 | V167: 上田 | W167: 横山 | X167: 西村 | Y167: 山田久 | Z167: 内野 | AA167: 上野 | AB167: 中村 | AC167: 市田 | AD167: 藤原 | AE167: 植山 | AF167: 欠員① | AG167: 欠員② | AH167: 原 | AI167: 中嶌 | AJ167: 安村 | AK167: 富島 | AL167: 門谷 | AM167: 柴田 | AN167: 中山 | AO167: 谷川 | AP167: 井川
A168: 2026-10-18 | B168: 日 | C168: 休日 | E168: 尾川 | F168: 山田真 | G168: 上田 | H168: 栗下 | I168: 中山 | J168: 横山 | K168: 欠員① | L168: 河野 | M168: 市田 | N168: 佐野 | O168: 西村 | P168: 富島 | Q168: 北川 | R168: 上野 | S168: 門谷 | T168: 田中 | U168: 井川 | V168: 原 | W168: 植山 | X168: 山本幸 | Y168: 安村 | Z168: 中村 | AA168: 柴田 | AB168: 岡本 | AC168: 谷川 | AD168: 岩田 | AE168: 野口 | AF168: 山本高 | AG168: 矢田 | AH168: 横田 | AI168: 大川内 | AJ168: 丸田 | AK168: 中嶌 | AL168: 山田久 | AM168: 藤原 | AN168: 欠員② | AO168: 馬場 | AP168: 内野
A169: 2026-10-19 | B169: 月 | C169: 平日 | E169: 門谷 | F169: 市田 | G169: 原 | H169: 西村 | I169: 欠員② | J169: 植山 | K169: 山本高 | L169: 富島 | M169: 谷川 | N169: 上野 | O169: 山本幸 | P169: 中嶌 | Q169: 河野 | R169: 柴田 | S169: 山田久 | T169: 井川 | U169: 内野 | V169: 横田 | W169: 野口 | X169: 欠員① | Y169: 丸田 | Z169: 岡本 | AA169: 藤原 | AB169: 横山 | AC169: 馬場 | AD169: 上田 | AE169: 栗下 | AF169: 山田真 | AG169: 佐野 | AH169: 北川 | AI169: 田中 | AJ169: 中山 | AK169: 大川内 | AL169: 安村 | AM169: 岩田 | AN169: 矢田 | AO169: 尾川 | AP169: 中村
A170: 2026-10-20 | B170: 火 | C170: 平日 | E170: 山田久 | F170: 谷川 | G170: 横田 | H170: 山本幸 | I170: 矢田 | J170: 野口 | K170: 山田真 | L170: 中嶌 | M170: 馬場 | N170: 柴田 | O170: 欠員① | P170: 大川内 | Q170: 富島 | R170: 藤原 | S170: 安村 | T170: 内野 | U170: 中村 | V170: 北川 | W170: 栗下 | X170: 山本高 | Y170: 中山 | Z170: 横山 | AA170: 岩田 | AB170: 植山 | AC170: 尾川 | AD170: 原 | AE170: 西村 | AF170: 市田 | AG170: 上野 | AH170: 河野 | AI170: 井川 | AJ170: 欠員② | AK170: 田中 | AL170: 丸田 | AM170: 上田 | AN170: 佐野 | AO170: 門谷 | AP170: 岡本
A171: 2026-10-21 | B171: 水 | C171: 平日 | E171: 安村 | F171: 馬場 | G171: 北川 | H171: 欠員① | I171: 佐野 | J171: 栗下 | K171: 市田 | L171: 大川内 | M171: 尾川 | N171: 藤原 | O171: 山本高 | P171: 田中 | Q171: 中嶌 | R171: 岩田 | S171: 丸田 | T171: 中村 | U171: 岡本 | V171: 河野 | W171: 西村 | X171: 山田真 | Y171: 欠員② | Z171: 植山 | AA171: 上田 | AB171: 野口 | AC171: 門谷 | AD171: 横田 | AE171: 山本幸 | AF171: 谷川 | AG171: 柴田 | AH171: 富島 | AI171: 内野 | AJ171: 矢田 | AK171: 井川 | AL171: 中山 | AM171: 原 | AN171: 上野 | AO171: 山田久 | AP171: 横山
A172: 2026-10-22 | B172: 木 | C172: 平日 | E172: 丸田 | F172: 尾川 | G172: 河野 | H172: 山本高 | I172: 上野 | J172: 西村 | K172: 谷川 | L172: 田中 | M172: 門谷 | N172: 岩田 | O172: 山田真 | P172: 井川 | Q172: 大川内 | R172: 上田 | S172: 中山 | T172: 岡本 | U172: 横山 | V172: 富島 | W172: 山本幸 | X172: 市田 | Y172: 矢田 | Z172: 野口 | AA172: 原 | AB172: 栗下 | AC172: 山田久 | AD172: 北川 | AE172: 欠員① | AF172: 馬場 | AG172: 藤原 | AH172: 中嶌 | AI172: 中村 | AJ172: 佐野 | AK172: 内野 | AL172: 欠員② | AM172: 横田 | AN172: 柴田 | AO172: 安村 | AP172: 植山
A173: 2026-10-23 | B173: 金 | C173: 平日 | E173: 中山 | F173: 門谷 | G173: 富島 | H173: 山田真 | I173: 柴田 | J173: 山本幸 | K173: 馬場 | L173: 井川 | M173: 山田久 | N173: 上田 | O173: 市田 | P173: 内野 | Q173: 田中 | R173: 原 | S173: 欠員② | T173: 横山 | U173: 植山 | V173: 中嶌 | W173: 欠員① | X173: 谷川 | Y173: 佐野 | Z173: 栗下 | AA173: 横田 | AB173: 西村 | AC173: 安村 | AD173: 河野 | AE173: 山本高 | AF173: 尾川 | AG173: 岩田 | AH173: 大川内 | AI173: 岡本 | AJ173: 上野 | AK173: 中村 | AL173: 矢田 | AM173: 北川 | AN173: 藤原 | AO173: 丸田 | AP173: 野口
A174: 2026-10-24 | B174: 土 | C174: 休日 | E174: 欠員② | F174: 山田久 | G174: 中嶌 | H174: 市田 | I174: 藤原 | J174: 欠員① | K174: 尾川 | L174: 内野 | M174: 安村 | N174: 原 | O174: 谷川 | P174: 中村 | Q174: 井川 | R174: 横田 | S174: 矢田 | T174: 植山 | U174: 野口 | V174: 大川内 | W174: 山本高 | X174: 馬場 | Y174: 上野 | Z174: 西村 | AA174: 北川 | AB174: 山本幸 | AC174: 丸田 | AD174: 富島 | AE174: 山田真 | AF174: 門谷 | AG174: 上田 | AH174: 田中 | AI174: 横山 | AJ174: 柴田 | AK174: 岡本 | AL174: 佐野 | AM174: 河野 | AN174: 岩田 | AO174: 中山 | AP174: 栗下
... A183: 2026-11-02 | B183: 月 | C183: 平日 | E183: 横田 | F183: 藤原 | G183: 野口 | H183: 欠員② | I183: 大川内 | J183: 安村 | K183: 上野 | L183: 欠員① | M183: 岩田 | N183: 内野 | O183: 矢田 | P183: 山本高 | Q183: 山本幸 | R183: 中村 | S183: 北川 | T183: 谷川 | U183: 馬場 | V183: 栗下 | W183: 丸田 | X183: 佐野 | Y183: 富島 | Z183: 門谷 | AA183: 岡本 | AB183: 山田久 | AC183: 上田 | AD183: 植山 | AE183: 中山 | AF183: 柴田 | AG183: 井川 | AH183: 西村 | AI183: 市田 | AJ183: 中嶌 | AK183: 山田真 | AL183: 河野 | AM183: 横山 | AN183: 田中 | AO183: 原 | AP183: 尾川
A184: 2026-11-03 | B184: 火 | C184: 休日 | D184: 文化の日 | E184: 北川 | F184: 岩田 | G184: 栗下 | H184: 矢田 | I184: 田中 | J184: 丸田 | K184: 柴田 | L184: 山本高 | M184: 上田 | N184: 中村 | O184: 佐野 | P184: 山田真 | Q184: 欠員① | R184: 岡本 | S184: 河野 | T184: 馬場 | U184: 尾川 | V184: 西村 | W184: 中山 | X184: 上野 | Y184: 中嶌 | Z184: 山田久 | AA184: 横山 | AB184: 安村 | AC184: 原 | AD184: 野口 | AE184: 欠員② | AF184: 藤原 | AG184: 内野 | AH184: 山本幸 | AI184: 谷川 | AJ184: 大川内 | AK184: 市田 | AL184: 富島 | AM184: 植山 | AN184: 井川 | AO184: 横田 | AP184: 門谷
A185: 2026-11-04 | B185: 水 | C185: 平日 | E185: 河野 | F185: 上田 | G185: 西村 | H185: 佐野 | I185: 井川 | J185: 中山 | K185: 藤原 | L185: 山田真 | M185: 原 | N185: 岡本 | O185: 上野 | P185: 市田 | Q185: 山本高 | R185: 横山 | S185: 富島 | T185: 尾川 | U185: 門谷 | V185: 山本幸 | W185: 欠員② | X185: 柴田 | Y185: 大川内 | Z185: 安村 | AA185: 植山 | AB185: 丸田 | AC185: 横田 | AD185: 栗下 | AE185: 矢田 | AF185: 岩田 | AG185: 中村 | AH185: 欠員① | AI185: 馬場 | AJ185: 田中 | AK185: 谷川 | AL185: 中嶌 | AM185: 野口 | AN185: 内野 | AO185: 北川 | AP185: 山田久
A186: 2026-11-05 | B186: 木 | C186: 平日 | E186: 富島 | F186: 原 | G186: 山本幸 | H186: 上野 | I186: 内野 | J186: 欠員② | K186: 岩田 | L186: 市田 | M186: 横田 | N186: 横山 | O186: 柴田 | P186: 谷川 | Q186: 山田真 | R186: 植山 | S186: 中嶌 | T186: 門谷 | U186: 山田久 | V186: 欠員① | W186: 矢田 | X186: 藤原 | Y186: 田中 | Z186: 丸田 | AA186: 野口 | AB186: 中山 | AC186: 北川 | AD186: 西村 | AE186: 佐野 | AF186: 上田 | AG186: 岡本 | AH186: 山本高 | AI186: 尾川 | AJ186: 井川 | AK186: 馬場 | AL186: 大川内 | AM186: 栗下 | AN186: 中村 | AO186: 河野 | AP186: 安村
A187: 2026-11-06 | B187: 金 | C187: 平日 | E187: 中嶌 | F187: 横田 | G187: 欠員① | H187: 柴田 | I187: 中村 | J187: 矢田 | K187: 上田 | L187: 谷川 | M187: 北川 | N187: 植山 | O187: 藤原 | P187: 馬場 | Q187: 市田 | R187: 野口 | S187: 大川内 | T187: 山田久 | U187: 安村 | V187: 山本高 | W187: 佐野 | X187: 岩田 | Y187: 井川 | Z187: 中山 | AA187: 栗下 | AB187: 欠員② | AC187: 河野 | AD187: 山本幸 | AE187: 上野 | AF187: 原 | AG187: 横山 | AH187: 山田真 | AI187: 門谷 | AJ187: 内野 | AK187: 尾川 | AL187: 田中 | AM187: 西村 | AN187: 岡本 | AO187: 富島 | AP187: 丸田
A188: 2026-11-07 | B188: 土 | C188: 休日 | E188: 大川内 | F188: 北川 | G188: 山本高 | H188: 藤原 | I188: 岡本 | J188: 佐野 | K188: 原 | L188: 馬場 | M188: 河野 | N188: 野口 | O188: 岩田 | P188: 尾川 | Q188: 谷川 | R188: 栗下 | S188: 田中 | T188: 安村 | U188: 丸田 | V188: 山田真 | W188: 上野 | X188: 上田 | Y188: 内野 | Z188: 欠員② | AA188: 西村 | AB188: 矢田 | AC188: 富島 | AD188: 欠員① | AE188: 柴田 | AF188: 横田 | AG188: 植山 | AH188: 市田 | AI188: 山田久 | AJ188: 中村 | AK188: 門谷 | AL188: 井川 | AM188: 山本幸 | AN188: 横山 | AO188: 中嶌 | AP188: 中山
A189: 2026-11-08 | B189: 日 | C189: 休日 | E189: 田中 | F189: 河野 | G189: 山田真 | H189: 岩田 | I189: 横山 | J189: 上野 | K189: 横田 | L189: 尾川 | M189: 富島 | N189: 栗下 | O189: 上田 | P189: 門谷 | Q189: 馬場 | R189: 西村 | S189: 井川 | T189: 丸田 | U189: 中山 | V189: 市田 | W189: 柴田 | X189: 原 | Y189: 中村 | Z189: 矢田 | AA189: 山本幸 | AB189: 佐野 | AC189: 中嶌 | AD189: 山本高 | AE189: 藤原 | AF189: 北川 | AG189: 野口 | AH189: 谷川 | AI189: 安村 | AJ189: 岡本 | AK189: 山田久 | AL189: 内野 | AM189: 欠員① | AN189: 植山 | AO189: 大川内 | AP189: 欠員②
A190: 2026-11-09 | B190: 月 | C190: 平日 | E190: 井川 | F190: 富島 | G190: 市田 | H190: 上田 | I190: 植山 | J190: 柴田 | K190: 北川 | L190: 門谷 | M190: 中嶌 | N190: 西村 | O190: 原 | P190: 山田久 | Q190: 尾川 | R190: 山本幸 | S190: 内野 | T190: 中山 | U190: 欠員② | V190: 谷川 | W190: 藤原 | X190: 横田 | Y190: 岡本 | Z190: 佐野 | AA190: 欠員① | AB190: 上野 | AC190: 大川内 | AD190: 山田真 | AE190: 岩田 | AF190: 河野 | AG190: 栗下 | AH190: 馬場 | AI190: 丸田 | AJ190: 横山 | AK190: 安村 | AL190: 中村 | AM190: 山本高 | AN190: 野口 | AO190: 田中 | AP190: 矢田
A191: 2026-11-10 | B191: 火 | C191: 平日 | E191: 内野 | F191: 中嶌 | G191: 谷川 | H191: 原 | I191: 野口 | J191: 藤原 | K191: 河野 | L191: 山田久 | M191: 大川内 | N191: 山本幸 | O191: 横田 | P191: 安村 | Q191: 門谷 | R191: 欠員① | S191: 中村 | T191: 欠員② | U191: 矢田 | V191: 馬場 | W191: 岩田 | X191: 北川 | Y191: 横山 | Z191: 上野 | AA191: 山本高 | AB191: 柴田 | AC191: 田中 | AD191: 市田 | AE191: 上田 | AF191: 富島 | AG191: 西村 | AH191: 尾川 | AI191: 中山 | AJ191: 植山 | AK191: 丸田 | AL191: 岡本 | AM191: 山田真 | AN191: 栗下 | AO191: 井川 | AP191: 佐野
A192: 2026-11-11 | B192: 水 | C192: 平日 | E192: 中村 | F192: 大川内 | G192: 馬場 | H192: 横田 | I192: 栗下 | J192: 岩田 | K192: 富島 | L192: 安村 | M192: 田中 | N192: 欠員① | O192: 北川 | P192: 丸田 | Q192: 山田久 | R192: 山本高 | S192: 岡本 | T192: 矢田 | U192: 佐野 | V192: 尾川 | W192: 上田 | X192: 河野 | Y192: 植山 | Z192: 柴田 | AA192: 山田真 | AB192: 藤原 | AC192: 井川 | AD192: 谷川 | AE192: 原 | AF192: 中嶌 | AG192: 山本幸 | AH192: 門谷 | AI192: 欠員② | AJ192: 野口 | AK192: 中山 | AL192: 横山 | AM192: 市田 | AN192: 西村 | AO192: 内野 | AP192: 上野
A193: 2026-11-12 | B193: 木 | C193: 平日 | E193: 岡本 | F193: 田中 | G193: 尾川 | H193: 北川 | I193: 西村 | J193: 上田 | K193: 中嶌 | L193: 丸田 | M193: 井川 | N193: 山本高 | O193: 河野 | P193: 中山 | Q193: 安村 | R193: 山田真 | S193: 横山 | T193: 佐野 | U193: 上野 | V193: 門谷 | W193: 原 | X193: 富島 | Y193: 野口 | Z193: 藤原 | AA193: 市田 | AB193: 岩田 | AC193: 内野 | AD193: 馬場 | AE193: 横田 | AF193: 大川内 | AG193: 欠員① | AH193: 山田久 | AI193: 矢田 | AJ193: 栗下 | AK193: 欠員② | AL193: 植山 | AM193: 谷川 | AN193: 山本幸 | AO193: 中村 | AP193: 柴田
A194: 2026-11-13 | B194: 金 | C194: 平日 | E194: 横山 | F194: 井川 | G194: 門谷 | H194: 河野 | I194: 山本幸 | J194: 原 | K194: 大川内 | L194: 中山 | M194: 内野 | N194: 山田真 | O194: 富島 | P194: 欠員② | Q194: 丸田 | R194: 市田 | S194: 植山 | T194: 上野 | U194: 柴田 | V194: 山田久 | W194: 横田 | X194: 中嶌 | Y194: 栗下 | Z194: 岩田 | AA194: 谷川 | AB194: 上田 | AC194: 中村 | AD194: 尾川 | AE194: 北川 | AF194: 田中 | AG194: 山本高 | AH194: 安村 | AI194: 佐野 | AJ194: 西村 | AK194: 矢田 | AL194: 野口 | AM194: 馬場 | AN194: 欠員① | AO194: 岡本 | AP194: 藤原
A195: 2026-11-14 | B195: 土 | C195: 休日 | E195: 植山 | F195: 内野 | G195: 山田久 | H195: 富島 | I195: 欠員① | J195: 横田 | K195: 田中 | L195: 欠員② | M195: 中村 | N195: 市田 | O195: 中嶌 | P195: 矢田 | Q195: 中山 | R195: 谷川 | S195: 野口 | T195: 柴田 | U195: 藤原 | V195: 安村 | W195: 北川 | X195: 大川内 | Y195: 西村 | Z195: 上田 | AA195: 馬場 | AB195: 原 | AC195: 岡本 | AD195: 門谷 | AE195: 河野 | AF195: 井川 | AG195: 山田真 | AH195: 丸田 | AI195: 上野 | AJ195: 山本幸 | AK195: 佐野 | AL195: 栗下 | AM195: 尾川 | AN195: 山本高 | AO195: 横山 | AP195: 岩田
A196: 2026-11-15 | B196: 日 | C196: 休日 | E196: 野口 | F196: 中村 | G196: 安村 | H196: 中嶌 | I196: 山本高 | J196: 北川 | K196: 井川 | L196: 矢田 | M196: 岡本 | N196: 谷川 | O196: 大川内 | P196: 佐野 | Q196: 欠員② | R196: 馬場 | S196: 栗下 | T196: 藤原 | U196: 岩田 | V196: 丸田 | W196: 河野 | X196: 田中 | Y196: 山本幸 | Z196: 原 | AA196: 尾川 | AB196: 横田 | AC196: 横山 | AD196: 山田久 | AE196: 富島 | AF196: 内野 | AG196: 市田 | AH196: 中山 | AI196: 柴田 | AJ196: 欠員① | AK196: 上野 | AL196: 西村 | AM196: 門谷 | AN196: 山田真 | AO196: 植山 | AP196: 上田
... A203: 2026-11-22 | B203: 日 | C203: 休日 | E203: 市田 | F203: 山本幸 | G203: 柴田 | H203: 横山 | I203: 山田久 | J203: 内野 | K203: 栗下 | L203: 原 | M203: 欠員① | N203: 中山 | O203: 植山 | P203: 横田 | Q203: 上田 | R203: 欠員② | S203: 谷川 | T203: 富島 | U203: 中嶌 | V203: 藤原 | W203: 中村 | X203: 野口 | Y203: 尾川 | Z203: 田中 | AA203: 矢田 | AB203: 井川 | AC203: 山本高 | AD203: 上野 | AE203: 岡本 | AF203: 西村 | AG203: 丸田 | AH203: 岩田 | AI203: 河野 | AJ203: 門谷 | AK203: 北川 | AL203: 馬場 | AM203: 佐野 | AN203: 安村 | AO203: 山田真 | AP203: 大川内
A204: 2026-11-23 | B204: 月 | C204: 休日 | D204: 勤労感謝の日 | E204: 谷川 | F204: 欠員① | G204: 藤原 | H204: 植山 | I204: 安村 | J204: 中村 | K204: 西村 | L204: 横田 | M204: 山本高 | N204: 欠員② | O204: 野口 | P204: 北川 | Q204: 原 | R204: 矢田 | S204: 馬場 | T204: 中嶌 | U204: 大川内 | V204: 岩田 | W204: 岡本 | X204: 栗下 | Y204: 門谷 | Z204: 井川 | AA204: 佐野 | AB204: 内野 | AC204: 山田真 | AD204: 柴田 | AE204: 横山 | AF204: 山本幸 | AG204: 中山 | AH204: 上田 | AI204: 富島 | AJ204: 山田久 | AK204: 河野 | AL204: 尾川 | AM204: 上野 | AN204: 丸田 | AO204: 市田 | AP204: 田中
A205: 2026-11-24 | B205: 火 | C205: 平日 | E205: 馬場 | F205: 山本高 | G205: 岩田 | H205: 野口 | I205: 丸田 | J205: 岡本 | K205: 山本幸 | L205: 北川 | M205: 山田真 | N205: 矢田 | O205: 栗下 | P205: 河野 | Q205: 横田 | R205: 佐野 | S205: 尾川 | T205: 大川内 | U205: 田中 | V205: 上田 | W205: 横山 | X205: 西村 | Y205: 山田久 | Z205: 内野 | AA205: 上野 | AB205: 中村 | AC205: 市田 | AD205: 藤原 | AE205: 植山 | AF205: 欠員① | AG205: 欠員② | AH205: 原 | AI205: 中嶌 | AJ205: 安村 | AK205: 富島 | AL205: 門谷 | AM205: 柴田 | AN205: 中山 | AO205: 谷川 | AP205: 井川
A206: 2026-11-25 | B206: 水 | C206: 平日 | E206: 尾川 | F206: 山田真 | G206: 上田 | H206: 栗下 | I206: 中山 | J206: 横山 | K206: 欠員① | L206: 河野 | M206: 市田 | N206: 佐野 | O206: 西村 | P206: 富島 | Q206: 北川 | R206: 上野 | S206: 門谷 | T206: 田中 | U206: 井川 | V206: 原 | W206: 植山 | X206: 山本幸 | Y206: 安村 | Z206: 中村 | AA206: 柴田 | AB206: 岡本 | AC206: 谷川 | AD206: 岩田 | AE206: 野口 | AF206: 山本高 | AG206: 矢田 | AH206: 横田 | AI206: 大川内 | AJ206: 丸田 | AK206: 中嶌 | AL206: 山田久 | AM206: 藤原 | AN206: 欠員② | AO206: 馬場 | AP206: 内野
A207: 2026-11-26 | B207: 木 | C207: 平日 | E207: 門谷 | F207: 市田 | G207: 原 | H207: 西村 | I207: 欠員② | J207: 植山 | K207: 山本高 | L207: 富島 | M207: 谷川 | N207: 上野 | O207: 山本幸 | P207: 中嶌 | Q207: 河野 | R207: 柴田 | S207: 山田久 | T207: 井川 | U207: 内野 | V207: 横田 | W207: 野口 | X207: 欠員① | Y207: 丸田 | Z207: 岡本 | AA207: 藤原 | AB207: 横山 | AC207: 馬場 | AD207: 上田 | AE207: 栗下 | AF207: 山田真 | AG207: 佐野 | AH207: 北川 | AI207: 田中 | AJ207: 中山 | AK207: 大川内 | AL207: 安村 | AM207: 岩田 | AN207: 矢田 | AO207: 尾川 | AP207: 中村
A208: 2026-11-27 | B208: 金 | C208: 平日 | E208: 山田久 | F208: 谷川 | G208: 横田 | H208: 山本幸 | I208: 矢田 | J208: 野口 | K208: 山田真 | L208: 中嶌 | M208: 馬場 | N208: 柴田 | O208: 欠員① | P208: 大川内 | Q208: 富島 | R208: 藤原 | S208: 安村 | T208: 内野 | U208: 中村 | V208: 北川 | W208: 栗下 | X208: 山本高 | Y208: 中山 | Z208: 横山 | AA208: 岩田 | AB208: 植山 | AC208: 尾川 | AD208: 原 | AE208: 西村 | AF208: 市田 | AG208: 上野 | AH208: 河野 | AI208: 井川 | AJ208: 欠員② | AK208: 田中 | AL208: 丸田 | AM208: 上田 | AN208: 佐野 | AO208: 門谷 | AP208: 岡本
A209: 2026-11-28 | B209: 土 | C209: 休日 | E209: 安村 | F209: 馬場 | G209: 北川 | H209: 欠員① | I209: 佐野 | J209: 栗下 | K209: 市田 | L209: 大川内 | M209: 尾川 | N209: 藤原 | O209: 山本高 | P209: 田中 | Q209: 中嶌 | R209: 岩田 | S209: 丸田 | T209: 中村 | U209: 岡本 | V209: 河野 | W209: 西村 | X209: 山田真 | Y209: 欠員② | Z209: 植山 | AA209: 上田 | AB209: 野口 | AC209: 門谷 | AD209: 横田 | AE209: 山本幸 | AF209: 谷川 | AG209: 柴田 | AH209: 富島 | AI209: 内野 | AJ209: 矢田 | AK209: 井川 | AL209: 中山 | AM209: 原 | AN209: 上野 | AO209: 山田久 | AP209: 横山
A210: 2026-11-29 | B210: 日 | C210: 休日 | E210: 丸田 | F210: 尾川 | G210: 河野 | H210: 山本高 | I210: 上野 | J210: 西村 | K210: 谷川 | L210: 田中 | M210: 門谷 | N210: 岩田 | O210: 山田真 | P210: 井川 | Q210: 大川内 | R210: 上田 | S210: 中山 | T210: 岡本 | U210: 横山 | V210: 富島 | W210: 山本幸 | X210: 市田 | Y210: 矢田 | Z210: 野口 | AA210: 原 | AB210: 栗下 | AC210: 山田久 | AD210: 北川 | AE210: 欠員① | AF210: 馬場 | AG210: 藤原 | AH210: 中嶌 | AI210: 中村 | AJ210: 佐野 | AK210: 内野 | AL210: 欠員② | AM210: 横田 | AN210: 柴田 | AO210: 安村 | AP210: 植山
A211: 2026-11-30 | B211: 月 | C211: 平日 | E211: 中山 | F211: 門谷 | G211: 富島 | H211: 山田真 | I211: 柴田 | J211: 山本幸 | K211: 馬場 | L211: 井川 | M211: 山田久 | N211: 上田 | O211: 市田 | P211: 内野 | Q211: 田中 | R211: 原 | S211: 欠員② | T211: 横山 | U211: 植山 | V211: 中嶌 | W211: 欠員① | X211: 谷川 | Y211: 佐野 | Z211: 栗下 | AA211: 横田 | AB211: 西村 | AC211: 安村 | AD211: 河野 | AE211: 山本高 | AF211: 尾川 | AG211: 岩田 | AH211: 大川内 | AI211: 岡本 | AJ211: 上野 | AK211: 中村 | AL211: 矢田 | AM211: 北川 | AN211: 藤原 | AO211: 丸田 | AP211: 野口
A212: 2026-12-01 | B212: 火 | C212: 平日 | E212: 欠員② | F212: 山田久 | G212: 中嶌 | H212: 市田 | I212: 藤原 | J212: 欠員① | K212: 尾川 | L212: 内野 | M212: 安村 | N212: 原 | O212: 谷川 | P212: 中村 | Q212: 井川 | R212: 横田 | S212: 矢田 | T212: 植山 | U212: 野口 | V212: 大川内 | W212: 山本高 | X212: 馬場 | Y212: 上野 | Z212: 西村 | AA212: 北川 | AB212: 山本幸 | AC212: 丸田 | AD212: 富島 | AE212: 山田真 | AF212: 門谷 | AG212: 上田 | AH212: 田中 | AI212: 横山 | AJ212: 柴田 | AK212: 岡本 | AL212: 佐野 | AM212: 河野 | AN212: 岩田 | AO212: 中山 | AP212: 栗下
A213: 2026-12-02 | B213: 水 | C213: 平日 | E213: 矢田 | F213: 安村 | G213: 大川内 | H213: 谷川 | I213: 岩田 | J213: 山本高 | K213: 門谷 | L213: 中村 | M213: 丸田 | N213: 横田 | O213: 馬場 | P213: 岡本 | Q213: 内野 | R213: 北川 | S213: 佐野 | T213: 野口 | U213: 栗下 | V213: 田中 | W213: 山田真 | X213: 尾川 | Y213: 柴田 | Z213: 山本幸 | AA213: 河野 | AB213: 欠員① | AC213: 中山 | AD213: 中嶌 | AE213: 市田 | AF213: 山田久 | AG213: 原 | AH213: 井川 | AI213: 植山 | AJ213: 藤原 | AK213: 横山 | AL213: 上野 | AM213: 富島 | AN213: 上田 | AO213: 欠員② | AP213: 西村
A214: 2026-12-03 | B214: 木 | C214: 平日 | E214: 佐野 | F214: 丸田 | G214: 田中 | H214: 馬場 | I214: 上田 | J214: 山田真 | K214: 山田久 | L214: 岡本 | M214: 中山 | N214: 北川 | O214: 尾川 | P214: 横山 | Q214: 中村 | R214: 河野 | S214: 上野 | T214: 栗下 | U214: 西村 | V214: 井川 | W214: 市田 | X214: 門谷 | Y214: 藤原 | Z214: 欠員① | AA214: 富島 | AB214: 山本高 | AC214: 欠員② | AD214: 大川内 | AE214: 谷川 | AF214: 安村 | AG214: 横田 | AH214: 内野 | AI214: 野口 | AJ214: 岩田 | AK214: 植山 | AL214: 柴田 | AM214: 中嶌 | AN214: 原 | AO214: 矢田 | AP214: 山本幸
A215: 2026-12-04 | B215: 金 | C215: 平日 | E215: 上野 | F215: 中山 | G215: 井川 | H215: 尾川 | I215: 原 | J215: 市田 | K215: 安村 | L215: 横山 | M215: 欠員② | N215: 河野 | O215: 門谷 | P215: 植山 | Q215: 岡本 | R215: 富島 | S215: 柴田 | T215: 西村 | U215: 山本幸 | V215: 内野 | W215: 谷川 | X215: 山田久 | Y215: 岩田 | Z215: 山本高 | AA215: 中嶌 | AB215: 山田真 | AC215: 矢田 | AD215: 田中 | AE215: 馬場 | AF215: 丸田 | AG215: 北川 | AH215: 中村 | AI215: 栗下 | AJ215: 上田 | AK215: 野口 | AL215: 藤原 | AM215: 大川内 | AN215: 横田 | AO215: 佐野 | AP215: 欠員①
...

Sheet 出退勤マスタ
A1: 系統 | B1: 区分 | C1: 勤務 | D1: 出勤 | E1: 退勤 | F1: 備考
A2: 1 | B2: 平日 | C2: 通常 | D2: 05:25 | E2: 14:15
A3: 1 | B3: 休日 | C3: 通常 | D3: 05:10 | E3: 13:55
A4: 2 | B4: 平日 | C4: 通常 | D4: 05:40 | E4: 14:35
A5: 2 | B5: 休日 | C5: 通常 | D5: 05:25 | E5: 14:15
A6: 3 | B6: 平日 | C6: 通常 | D6: 05:40 | E6: 14:45
A7: 3 | B7: 休日 | C7: 通常 | D7: 05:40 | E7: 14:25
A8: 4 | B8: 平日 | C8: 通常 | D8: 06:00 | E8: 15:05
A9: 4 | B9: 休日 | C9: 通常 | D9: 05:40 | E9: 14:45
A10: 5 | B10: 平日 | C10: 通常 | D10: 06:15 | E10: 15:25
A11: 5 | B11: 休日 | C11: 通常 | D11: 06:15 | E11: 15:05
A12: 6 | B12: 平日 | C12: 通常 | D12: 06:35 | E12: 15:55
A13: 6 | B13: 休日 | C13: 通常 | D13: 06:35 | E13: 15:35
... A15: 7 | B15: 休日 | C15: 通常 | D15: 08:45 | E15: 17:25
A16: 8 | B16: 平日 | C16: 1回目 | D16: 05:10 | E16: 08:50 | F16: 中休勤務(2回出勤)
A17: 8 | B17: 平日 | C17: 2回目 | D17: 17:25 | E17: 21:55 | F17: 中休勤務(2回出勤)
A18: 8 | B18: 休日 | C18: 1回目 | D18: 08:15 | E18: 12:35 | F18: 中休勤務(2回出勤)
A19: 8 | B19: 休日 | C19: 2回目 | D19: 17:25 | E19: 20:30 | F19: 中休勤務(2回出勤)
A20: 9 | B20: 平日 | C20: 1回目 | D20: 09:05 | E20: 13:25 | F20: 中休勤務(2回出勤)
A21: 9 | B21: 平日 | C21: 2回目 | D21: 17:45 | E21: 21:05 | F21: 中休勤務(2回出勤)
A22: 9 | B22: 休日 | C22: 通常 | D22: 13:35 | E22: 22:15
A23: 10 | B23: 平日 | C23: 通常 | D23: 13:55 | E23: 22:40
A24: 10 | B24: 休日 | C24: 通常 | D24: 13:55 | E24: 22:25
A25: 11 | B25: 平日 | C25: 通常 | D25: 14:25 | E25: 23:00
A26: 11 | B26: 休日 | C26: 通常 | D26: 14:25 | E26: 23:00
A27: 12 | B27: 平日 | C27: 通常 | D27: 14:45 | E27: 23:55
A28: 12 | B28: 休日 | C28: 通常 | D28: 14:45 | E28: 23:55
A29: 13 | B29: 平日 | C29: 通常 | D29: 15:05 | E29: 00:05 | F29: 退勤翌日
A30: 13 | B30: 休日 | C30: 通常 | D30: 15:15 | E30: 00:05 | F30: 退勤翌日
A31: 14 | B31: 平日 | C31: 通常 | D31: 15:35 | E31: 00:20 | F31: 退勤翌日
A32: 14 | B32: 休日 | C32: 通常 | D32: 15:35 | E32: 00:20 | F32: 退勤翌日
A33: 15 | B33: 平日 | C33: 通常 | D33: 15:55 | E33: 00:40 | F33: 退勤翌日
A34: 15 | B34: 休日 | C34: 通常 | D34: 17:05 | E34: 00:40 | F34: 退勤翌日
A35: 16 | B35: 平日 | C35: 通常 | D35: 05:10 | E35: 14:15
A36: 16 | B36: 休日 | C36: 通常 | D36: 05:10 | E36: 14:05
A37: 17 | B37: 平日 | C37: 通常 | D37: 05:20 | E37: 14:35
A38: 17 | B38: 休日 | C38: 通常 | D38: 05:20 | E38: 14:15
A39: 18 | B39: 平日 | C39: 通常 | D39: 06:20 | E39: 15:45
A40: 18 | B40: 休日 | C40: 通常 | D40: 06:30 | E40: 15:05
A41: 19 | B41: 平日 | C41: 通常 | D41: 06:30 | E41: 16:05
A42: 19 | B42: 休日 | C42: 通常 | D42: 06:50 | E42: 15:55
A43: 20 | B43: 平日 | C43: 1回目 | D43: 06:50 | E43: 10:45 | F43: 中休勤務(2回出勤)
A44: 20 | B44: 平日 | C44: 2回目 | D44: 15:15 | E44: 20:15 | F44: 中休勤務(2回出勤)
A45: 20 | B45: 休日 | C45: 1回目 | D45: 08:25 | E45: 12:35 | F45: 中休勤務(2回出勤)
A46: 20 | B46: 休日 | C46: 2回目 | D46: 16:35 | E46: 21:30 | F46: 中休勤務(2回出勤)
A47: 21 | B47: 平日 | C47: 1回目 | D47: 09:55 | E47: 13:35 | F47: 中休勤務(2回出勤)
A48: 21 | B48: 平日 | C48: 2回目 | D48: 16:05 | E48: 21:45 | F48: 中休勤務(2回出勤)
A49: 21 | B49: 休日 | C49: 通常 | D49: 13:15 | E49: 21:45
A50: 22 | B50: 平日 | C50: 通常 | D50: 13:25 | E50: 22:35
A51: 22 | B51: 休日 | C51: 通常 | D51: 13:25 | E51: 22:35
A52: 23 | B52: 平日 | C52: 通常 | D52: 13:45 | E52: 23:05
A53: 23 | B53: 休日 | C53: 通常 | D53: 14:15 | E53: 23:05
A54: 24 | B54: 平日 | C54: 通常 | D54: 14:55 | E54: 00:20 | F54: 退勤翌日
A55: 24 | B55: 休日 | C55: 通常 | D55: 15:05 | E55: 00:20 | F55: 退勤翌日
A56: 25 | B56: 平日 | C56: 通常 | D56: 05:10 | E56: 14:10
A57: 25 | B57: 休日 | C57: 通常 | D57: 05:10 | E57: 14:10
A58: 26 | B58: 平日 | C58: 通常 | D58: 05:10 | E58: 11:10
A59: 26 | B59: 休日 | C59: 通常 | D59: 12:35 | E59: 18:35
A60: 27 | B60: 平日 | C60: 通常 | D60: 14:10 | E60: 23:50
A61: 27 | B61: 休日 | C61: 通常 | D61: 14:10 | E61: 23:50

Sheet 当日休憩ビュー
A1: 当日休憩ビュー
A2: 当日早見表の日付に連動し当日ダイヤの休憩を自動抽出。
A3: 対象日 | B3: =当日早見表!B1 | C3: ダイヤ | D3: =当日早見表!B3 | E3: 件数 | F3: =COUNTIF(休憩マスタ!$A$5:$A$61,当日早見表!$B$3)
A5: 開始 | B5: 終了 | C5: 所要分 | D5: 系統 | E5: 担当運転士 | F5: 交代駅 | G5: 区分
A6: =IF($J6="","",INDEX(休憩マスタ!$C$5:$C$61,$J6)) | B6: =IF($J6="","",INDEX(休憩マスタ!$D$5:$D$61,$J6)) | C6: =IF($J6="","",INDEX(休憩マスタ!$E$5:$E$61,$J6)) | D6: =IF($J6="","",INDEX(休憩マスタ!$B$5:$B$61,$J6)) | E6: =IF($J6="","",INDEX(休憩マスタ!$J$5:$J$61,$J6)) | F6: =IF($J6="","",INDEX(休憩マスタ!$F$5:$F$61,$J6)) | G6: =IF($J6="","",INDEX(休憩マスタ!$H$5:$H$61,$J6)) | J6: =IFERROR(MATCH(1,休憩マスタ!$I$5:$I$61,0),"")
A7: =IF($J7="","",INDEX(休憩マスタ!$C$5:$C$61,$J7)) | B7: =IF($J7="","",INDEX(休憩マスタ!$D$5:$D$61,$J7)) | C7: =IF($J7="","",INDEX(休憩マスタ!$E$5:$E$61,$J7)) | D7: =IF($J7="","",INDEX(休憩マスタ!$B$5:$B$61,$J7)) | E7: =IF($J7="","",INDEX(休憩マスタ!$J$5:$J$61,$J7)) | F7: =IF($J7="","",INDEX(休憩マスタ!$F$5:$F$61,$J7)) | G7: =IF($J7="","",INDEX(休憩マスタ!$H$5:$H$61,$J7)) | J7: =IFERROR(MATCH(2,休憩マスタ!$I$5:$I$61,0),"")
A8: =IF($J8="","",INDEX(休憩マスタ!$C$5:$C$61,$J8)) | B8: =IF($J8="","",INDEX(休憩マスタ!$D$5:$D$61,$J8)) | C8: =IF($J8="","",INDEX(休憩マスタ!$E$5:$E$61,$J8)) | D8: =IF($J8="","",INDEX(休憩マスタ!$B$5:$B$61,$J8)) | E8: =IF($J8="","",INDEX(休憩マスタ!$J$5:$J$61,$J8)) | F8: =IF($J8="","",INDEX(休憩マスタ!$F$5:$F$61,$J8)) | G8: =IF($J8="","",INDEX(休憩マスタ!$H$5:$H$61,$J8)) | J8: =IFERROR(MATCH(3,休憩マスタ!$I$5:$I$61,0),"")
A9: =IF($J9="","",INDEX(休憩マスタ!$C$5:$C$61,$J9)) | B9: =IF($J9="","",INDEX(休憩マスタ!$D$5:$D$61,$J9)) | C9: =IF($J9="","",INDEX(休憩マスタ!$E$5:$E$61,$J9)) | D9: =IF($J9="","",INDEX(休憩マスタ!$B$5:$B$61,$J9)) | E9: =IF($J9="","",INDEX(休憩マスタ!$J$5:$J$61,$J9)) | F9: =IF($J9="","",INDEX(休憩マスタ!$F$5:$F$61,$J9)) | G9: =IF($J9="","",INDEX(休憩マスタ!$H$5:$H$61,$J9)) | J9: =IFERROR(MATCH(4,休憩マスタ!$I$5:$I$61,0),"")
A10: =IF($J10="","",INDEX(休憩マスタ!$C$5:$C$61,$J10)) | B10: =IF($J10="","",INDEX(休憩マスタ!$D$5:$D$61,$J10)) | C10: =IF($J10="","",INDEX(休憩マスタ!$E$5:$E$61,$J10)) | D10: =IF($J10="","",INDEX(休憩マスタ!$B$5:$B$61,$J10)) | E10: =IF($J10="","",INDEX(休憩マスタ!$J$5:$J$61,$J10)) | F10: =IF($J10="","",INDEX(休憩マスタ!$F$5:$F$61,$J10)) | G10: =IF($J10="","",INDEX(休憩マスタ!$H$5:$H$61,$J10)) | J10: =IFERROR(MATCH(5,休憩マスタ!$I$5:$I$61,0),"")
A11: =IF($J11="","",INDEX(休憩マスタ!$C$5:$C$61,$J11)) | B11: =IF($J11="","",INDEX(休憩マスタ!$D$5:$D$61,$J11)) | C11: =IF($J11="","",INDEX(休憩マスタ!$E$5:$E$61,$J11)) | D11: =IF($J11="","",INDEX(休憩マスタ!$B$5:$B$61,$J11)) | E11: =IF($J11="","",INDEX(休憩マスタ!$J$5:$J$61,$J11)) | F11: =IF($J11="","",INDEX(休憩マスタ!$F$5:$F$61,$J11)) | G11: =IF($J11="","",INDEX(休憩マスタ!$H$5:$H$61,$J11)) | J11: =IFERROR(MATCH(6,休憩マスタ!$I$5:$I$61,0),"")
A12: =IF($J12="","",INDEX(休憩マスタ!$C$5:$C$61,$J12)) | B12: =IF($J12="","",INDEX(休憩マスタ!$D$5:$D$61,$J12)) | C12: =IF($J12="","",INDEX(休憩マスタ!$E$5:$E$61,$J12)) | D12: =IF($J12="","",INDEX(休憩マスタ!$B$5:$B$61,$J12)) | E12: =IF($J12="","",INDEX(休憩マスタ!$J$5:$J$61,$J12)) | F12: =IF($J12="","",INDEX(休憩マスタ!$F$5:$F$61,$J12)) | G12: =IF($J12="","",INDEX(休憩マスタ!$H$5:$H$61,$J12)) | J12: =IFERROR(MATCH(7,休憩マスタ!$I$5:$I$61,0),"")
A13: =IF($J13="","",INDEX(休憩マスタ!$C$5:$C$61,$J13)) | B13: =IF($J13="","",INDEX(休憩マスタ!$D$5:$D$61,$J13)) | C13: =IF($J13="","",INDEX(休憩マスタ!$E$5:$E$61,$J13)) | D13: =IF($J13="","",INDEX(休憩マスタ!$B$5:$B$61,$J13)) | E13: =IF($J13="","",INDEX(休憩マスタ!$J$5:$J$61,$J13)) | F13: =IF($J13="","",INDEX(休憩マスタ!$F$5:$F$61,$J13)) | G13: =IF($J13="","",INDEX(休憩マスタ!$H$5:$H$61,$J13)) | J13: =IFERROR(MATCH(8,休憩マスタ!$I$5:$I$61,0),"")
A14: =IF($J14="","",INDEX(休憩マスタ!$C$5:$C$61,$J14)) | B14: =IF($J14="","",INDEX(休憩マスタ!$D$5:$D$61,$J14)) | C14: =IF($J14="","",INDEX(休憩マスタ!$E$5:$E$61,$J14)) | D14: =IF($J14="","",INDEX(休憩マスタ!$B$5:$B$61,$J14)) | E14: =IF($J14="","",INDEX(休憩マスタ!$J$5:$J$61,$J14)) | F14: =IF($J14="","",INDEX(休憩マスタ!$F$5:$F$61,$J14)) | G14: =IF($J14="","",INDEX(休憩マスタ!$H$5:$H$61,$J14)) | J14: =IFERROR(MATCH(9,休憩マスタ!$I$5:$I$61,0),"")
A15: =IF($J15="","",INDEX(休憩マスタ!$C$5:$C$61,$J15)) | B15: =IF($J15="","",INDEX(休憩マスタ!$D$5:$D$61,$J15)) | C15: =IF($J15="","",INDEX(休憩マスタ!$E$5:$E$61,$J15)) | D15: =IF($J15="","",INDEX(休憩マスタ!$B$5:$B$61,$J15)) | E15: =IF($J15="","",INDEX(休憩マスタ!$J$5:$J$61,$J15)) | F15: =IF($J15="","",INDEX(休憩マスタ!$F$5:$F$61,$J15)) | G15: =IF($J15="","",INDEX(休憩マスタ!$H$5:$H$61,$J15)) | J15: =IFERROR(MATCH(10,休憩マスタ!$I$5:$I$61,0),"")
A16: =IF($J16="","",INDEX(休憩マスタ!$C$5:$C$61,$J16)) | B16: =IF($J16="","",INDEX(休憩マスタ!$D$5:$D$61,$J16)) | C16: =IF($J16="","",INDEX(休憩マスタ!$E$5:$E$61,$J16)) | D16: =IF($J16="","",INDEX(休憩マスタ!$B$5:$B$61,$J16)) | E16: =IF($J16="","",INDEX(休憩マスタ!$J$5:$J$61,$J16)) | F16: =IF($J16="","",INDEX(休憩マスタ!$F$5:$F$61,$J16)) | G16: =IF($J16="","",INDEX(休憩マスタ!$H$5:$H$61,$J16)) | J16: =IFERROR(MATCH(11,休憩マスタ!$I$5:$I$61,0),"")
A17: =IF($J17="","",INDEX(休憩マスタ!$C$5:$C$61,$J17)) | B17: =IF($J17="","",INDEX(休憩マスタ!$D$5:$D$61,$J17)) | C17: =IF($J17="","",INDEX(休憩マスタ!$E$5:$E$61,$J17)) | D17: =IF($J17="","",INDEX(休憩マスタ!$B$5:$B$61,$J17)) | E17: =IF($J17="","",INDEX(休憩マスタ!$J$5:$J$61,$J17)) | F17: =IF($J17="","",INDEX(休憩マスタ!$F$5:$F$61,$J17)) | G17: =IF($J17="","",INDEX(休憩マスタ!$H$5:$H$61,$J17)) | J17: =IFERROR(MATCH(12,休憩マスタ!$I$5:$I$61,0),"")
A18: =IF($J18="","",INDEX(休憩マスタ!$C$5:$C$61,$J18)) | B18: =IF($J18="","",INDEX(休憩マスタ!$D$5:$D$61,$J18)) | C18: =IF($J18="","",INDEX(休憩マスタ!$E$5:$E$61,$J18)) | D18: =IF($J18="","",INDEX(休憩マスタ!$B$5:$B$61,$J18)) | E18: =IF($J18="","",INDEX(休憩マスタ!$J$5:$J$61,$J18)) | F18: =IF($J18="","",INDEX(休憩マスタ!$F$5:$F$61,$J18)) | G18: =IF($J18="","",INDEX(休憩マスタ!$H$5:$H$61,$J18)) | J18: =IFERROR(MATCH(13,休憩マスタ!$I$5:$I$61,0),"")
A19: =IF($J19="","",INDEX(休憩マスタ!$C$5:$C$61,$J19)) | B19: =IF($J19="","",INDEX(休憩マスタ!$D$5:$D$61,$J19)) | C19: =IF($J19="","",INDEX(休憩マスタ!$E$5:$E$61,$J19)) | D19: =IF($J19="","",INDEX(休憩マスタ!$B$5:$B$61,$J19)) | E19: =IF($J19="","",INDEX(休憩マスタ!$J$5:$J$61,$J19)) | F19: =IF($J19="","",INDEX(休憩マスタ!$F$5:$F$61,$J19)) | G19: =IF($J19="","",INDEX(休憩マスタ!$H$5:$H$61,$J19)) | J19: =IFERROR(MATCH(14,休憩マスタ!$I$5:$I$61,0),"")
A20: =IF($J20="","",INDEX(休憩マスタ!$C$5:$C$61,$J20)) | B20: =IF($J20="","",INDEX(休憩マスタ!$D$5:$D$61,$J20)) | C20: =IF($J20="","",INDEX(休憩マスタ!$E$5:$E$61,$J20)) | D20: =IF($J20="","",INDEX(休憩マスタ!$B$5:$B$61,$J20)) | E20: =IF($J20="","",INDEX(休憩マスタ!$J$5:$J$61,$J20)) | F20: =IF($J20="","",INDEX(休憩マスタ!$F$5:$F$61,$J20)) | G20: =IF($J20="","",INDEX(休憩マスタ!$H$5:$H$61,$J20)) | J20: =IFERROR(MATCH(15,休憩マスタ!$I$5:$I$61,0),"")
A21: =IF($J21="","",INDEX(休憩マスタ!$C$5:$C$61,$J21)) | B21: =IF($J21="","",INDEX(休憩マスタ!$D$5:$D$61,$J21)) | C21: =IF($J21="","",INDEX(休憩マスタ!$E$5:$E$61,$J21)) | D21: =IF($J21="","",INDEX(休憩マスタ!$B$5:$B$61,$J21)) | E21: =IF($J21="","",INDEX(休憩マスタ!$J$5:$J$61,$J21)) | F21: =IF($J21="","",INDEX(休憩マスタ!$F$5:$F$61,$J21)) | G21: =IF($J21="","",INDEX(休憩マスタ!$H$5:$H$61,$J21)) | J21: =IFERROR(MATCH(16,休憩マスタ!$I$5:$I$61,0),"")
A22: =IF($J22="","",INDEX(休憩マスタ!$C$5:$C$61,$J22)) | B22: =IF($J22="","",INDEX(休憩マスタ!$D$5:$D$61,$J22)) | C22: =IF($J22="","",INDEX(休憩マスタ!$E$5:$E$61,$J22)) | D22: =IF($J22="","",INDEX(休憩マスタ!$B$5:$B$61,$J22)) | E22: =IF($J22="","",INDEX(休憩マスタ!$J$5:$J$61,$J22)) | F22: =IF($J22="","",INDEX(休憩マスタ!$F$5:$F$61,$J22)) | G22: =IF($J22="","",INDEX(休憩マスタ!$H$5:$H$61,$J22)) | J22: =IFERROR(MATCH(17,休憩マスタ!$I$5:$I$61,0),"")
A23: =IF($J23="","",INDEX(休憩マスタ!$C$5:$C$61,$J23)) | B23: =IF($J23="","",INDEX(休憩マスタ!$D$5:$D$61,$J23)) | C23: =IF($J23="","",INDEX(休憩マスタ!$E$5:$E$61,$J23)) | D23: =IF($J23="","",INDEX(休憩マスタ!$B$5:$B$61,$J23)) | E23: =IF($J23="","",INDEX(休憩マスタ!$J$5:$J$61,$J23)) | F23: =IF($J23="","",INDEX(休憩マスタ!$F$5:$F$61,$J23)) | G23: =IF($J23="","",INDEX(休憩マスタ!$H$5:$H$61,$J23)) | J23: =IFERROR(MATCH(18,休憩マスタ!$I$5:$I$61,0),"")
A24: =IF($J24="","",INDEX(休憩マスタ!$C$5:$C$61,$J24)) | B24: =IF($J24="","",INDEX(休憩マスタ!$D$5:$D$61,$J24)) | C24: =IF($J24="","",INDEX(休憩マスタ!$E$5:$E$61,$J24)) | D24: =IF($J24="","",INDEX(休憩マスタ!$B$5:$B$61,$J24)) | E24: =IF($J24="","",INDEX(休憩マスタ!$J$5:$J$61,$J24)) | F24: =IF($J24="","",INDEX(休憩マスタ!$F$5:$F$61,$J24)) | G24: =IF($J24="","",INDEX(休憩マスタ!$H$5:$H$61,$J24)) | J24: =IFERROR(MATCH(19,休憩マスタ!$I$5:$I$61,0),"")
A25: =IF($J25="","",INDEX(休憩マスタ!$C$5:$C$61,$J25)) | B25: =IF($J25="","",INDEX(休憩マスタ!$D$5:$D$61,$J25)) | C25: =IF($J25="","",INDEX(休憩マスタ!$E$5:$E$61,$J25)) | D25: =IF($J25="","",INDEX(休憩マスタ!$B$5:$B$61,$J25)) | E25: =IF($J25="","",INDEX(休憩マスタ!$J$5:$J$61,$J25)) | F25: =IF($J25="","",INDEX(休憩マスタ!$F$5:$F$61,$J25)) | G25: =IF($J25="","",INDEX(休憩マスタ!$H$5:$H$61,$J25)) | J25: =IFERROR(MATCH(20,休憩マスタ!$I$5:$I$61,0),"")
A26: =IF($J26="","",INDEX(休憩マスタ!$C$5:$C$61,$J26)) | B26: =IF($J26="","",INDEX(休憩マスタ!$D$5:$D$61,$J26)) | C26: =IF($J26="","",INDEX(休憩マスタ!$E$5:$E$61,$J26)) | D26: =IF($J26="","",INDEX(休憩マスタ!$B$5:$B$61,$J26)) | E26: =IF($J26="","",INDEX(休憩マスタ!$J$5:$J$61,$J26)) | F26: =IF($J26="","",INDEX(休憩マスタ!$F$5:$F$61,$J26)) | G26: =IF($J26="","",INDEX(休憩マスタ!$H$5:$H$61,$J26)) | J26: =IFERROR(MATCH(21,休憩マスタ!$I$5:$I$61,0),"")
A27: =IF($J27="","",INDEX(休憩マスタ!$C$5:$C$61,$J27)) | B27: =IF($J27="","",INDEX(休憩マスタ!$D$5:$D$61,$J27)) | C27: =IF($J27="","",INDEX(休憩マスタ!$E$5:$E$61,$J27)) | D27: =IF($J27="","",INDEX(休憩マスタ!$B$5:$B$61,$J27)) | E27: =IF($J27="","",INDEX(休憩マスタ!$J$5:$J$61,$J27)) | F27: =IF($J27="","",INDEX(休憩マスタ!$F$5:$F$61,$J27)) | G27: =IF($J27="","",INDEX(休憩マスタ!$H$5:$H$61,$J27)) | J27: =IFERROR(MATCH(22,休憩マスタ!$I$5:$I$61,0),"")
A28: =IF($J28="","",INDEX(休憩マスタ!$C$5:$C$61,$J28)) | B28: =IF($J28="","",INDEX(休憩マスタ!$D$5:$D$61,$J28)) | C28: =IF($J28="","",INDEX(休憩マスタ!$E$5:$E$61,$J28)) | D28: =IF($J28="","",INDEX(休憩マスタ!$B$5:$B$61,$J28)) | E28: =IF($J28="","",INDEX(休憩マスタ!$J$5:$J$61,$J28)) | F28: =IF($J28="","",INDEX(休憩マスタ!$F$5:$F$61,$J28)) | G28: =IF($J28="","",INDEX(休憩マスタ!$H$5:$H$61,$J28)) | J28: =IFERROR(MATCH(23,休憩マスタ!$I$5:$I$61,0),"")
A29: =IF($J29="","",INDEX(休憩マスタ!$C$5:$C$61,$J29)) | B29: =IF($J29="","",INDEX(休憩マスタ!$D$5:$D$61,$J29)) | C29: =IF($J29="","",INDEX(休憩マスタ!$E$5:$E$61,$J29)) | D29: =IF($J29="","",INDEX(休憩マスタ!$B$5:$B$61,$J29)) | E29: =IF($J29="","",INDEX(休憩マスタ!$J$5:$J$61,$J29)) | F29: =IF($J29="","",INDEX(休憩マスタ!$F$5:$F$61,$J29)) | G29: =IF($J29="","",INDEX(休憩マスタ!$H$5:$H$61,$J29)) | J29: =IFERROR(MATCH(24,休憩マスタ!$I$5:$I$61,0),"")
A30: =IF($J30="","",INDEX(休憩マスタ!$C$5:$C$61,$J30)) | B30: =IF($J30="","",INDEX(休憩マスタ!$D$5:$D$61,$J30)) | C30: =IF($J30="","",INDEX(休憩マスタ!$E$5:$E$61,$J30)) | D30: =IF($J30="","",INDEX(休憩マスタ!$B$5:$B$61,$J30)) | E30: =IF($J30="","",INDEX(休憩マスタ!$J$5:$J$61,$J30)) | F30: =IF($J30="","",INDEX(休憩マスタ!$F$5:$F$61,$J30)) | G30: =IF($J30="","",INDEX(休憩マスタ!$H$5:$H$61,$J30)) | J30: =IFERROR(MATCH(25,休憩マスタ!$I$5:$I$61,0),"")
A31: =IF($J31="","",INDEX(休憩マスタ!$C$5:$C$61,$J31)) | B31: =IF($J31="","",INDEX(休憩マスタ!$D$5:$D$61,$J31)) | C31: =IF($J31="","",INDEX(休憩マスタ!$E$5:$E$61,$J31)) | D31: =IF($J31="","",INDEX(休憩マスタ!$B$5:$B$61,$J31)) | E31: =IF($J31="","",INDEX(休憩マスタ!$J$5:$J$61,$J31)) | F31: =IF($J31="","",INDEX(休憩マスタ!$F$5:$F$61,$J31)) | G31: =IF($J31="","",INDEX(休憩マスタ!$H$5:$H$61,$J31)) | J31: =IFERROR(MATCH(26,休憩マスタ!$I$5:$I$61,0),"")
A32: =IF($J32="","",INDEX(休憩マスタ!$C$5:$C$61,$J32)) | B32: =IF($J32="","",INDEX(休憩マスタ!$D$5:$D$61,$J32)) | C32: =IF($J32="","",INDEX(休憩マスタ!$E$5:$E$61,$J32)) | D32: =IF($J32="","",INDEX(休憩マスタ!$B$5:$B$61,$J32)) | E32: =IF($J32="","",INDEX(休憩マスタ!$J$5:$J$61,$J32)) | F32: =IF($J32="","",INDEX(休憩マスタ!$F$5:$F$61,$J32)) | G32: =IF($J32="","",INDEX(休憩マスタ!$H$5:$H$61,$J32)) | J32: =IFERROR(MATCH(27,休憩マスタ!$I$5:$I$61,0),"")
A33: =IF($J33="","",INDEX(休憩マスタ!$C$5:$C$61,$J33)) | B33: =IF($J33="","",INDEX(休憩マスタ!$D$5:$D$61,$J33)) | C33: =IF($J33="","",INDEX(休憩マスタ!$E$5:$E$61,$J33)) | D33: =IF($J33="","",INDEX(休憩マスタ!$B$5:$B$61,$J33)) | E33: =IF($J33="","",INDEX(休憩マスタ!$J$5:$J$61,$J33)) | F33: =IF($J33="","",INDEX(休憩マスタ!$F$5:$F$61,$J33)) | G33: =IF($J33="","",INDEX(休憩マスタ!$H$5:$H$61,$J33)) | J33: =IFERROR(MATCH(28,休憩マスタ!$I$5:$I$61,0),"")
A34: =IF($J34="","",INDEX(休憩マスタ!$C$5:$C$61,$J34)) | B34: =IF($J34="","",INDEX(休憩マスタ!$D$5:$D$61,$J34)) | C34: =IF($J34="","",INDEX(休憩マスタ!$E$5:$E$61,$J34)) | D34: =IF($J34="","",INDEX(休憩マスタ!$B$5:$B$61,$J34)) | E34: =IF($J34="","",INDEX(休憩マスタ!$J$5:$J$61,$J34)) | F34: =IF($J34="","",INDEX(休憩マスタ!$F$5:$F$61,$J34)) | G34: =IF($J34="","",INDEX(休憩マスタ!$H$5:$H$61,$J34)) | J34: =IFERROR(MATCH(29,休憩マスタ!$I$5:$I$61,0),"")
A35: =IF($J35="","",INDEX(休憩マスタ!$C$5:$C$61,$J35)) | B35: =IF($J35="","",INDEX(休憩マスタ!$D$5:$D$61,$J35)) | C35: =IF($J35="","",INDEX(休憩マスタ!$E$5:$E$61,$J35)) | D35: =IF($J35="","",INDEX(休憩マスタ!$B$5:$B$61,$J35)) | E35: =IF($J35="","",INDEX(休憩マスタ!$J$5:$J$61,$J35)) | F35: =IF($J35="","",INDEX(休憩マスタ!$F$5:$F$61,$J35)) | G35: =IF($J35="","",INDEX(休憩マスタ!$H$5:$H$61,$J35)) | J35: =IFERROR(MATCH(30,休憩マスタ!$I$5:$I$61,0),"")
A36: =IF($J36="","",INDEX(休憩マスタ!$C$5:$C$61,$J36)) | B36: =IF($J36="","",INDEX(休憩マスタ!$D$5:$D$61,$J36)) | C36: =IF($J36="","",INDEX(休憩マスタ!$E$5:$E$61,$J36)) | D36: =IF($J36="","",INDEX(休憩マスタ!$B$5:$B$61,$J36)) | E36: =IF($J36="","",INDEX(休憩マスタ!$J$5:$J$61,$J36)) | F36: =IF($J36="","",INDEX(休憩マスタ!$F$5:$F$61,$J36)) | G36: =IF($J36="","",INDEX(休憩マスタ!$H$5:$H$61,$J36)) | J36: =IFERROR(MATCH(31,休憩マスタ!$I$5:$I$61,0),"")
A37: =IF($J37="","",INDEX(休憩マスタ!$C$5:$C$61,$J37)) | B37: =IF($J37="","",INDEX(休憩マスタ!$D$5:$D$61,$J37)) | C37: =IF($J37="","",INDEX(休憩マスタ!$E$5:$E$61,$J37)) | D37: =IF($J37="","",INDEX(休憩マスタ!$B$5:$B$61,$J37)) | E37: =IF($J37="","",INDEX(休憩マスタ!$J$5:$J$61,$J37)) | F37: =IF($J37="","",INDEX(休憩マスタ!$F$5:$F$61,$J37)) | G37: =IF($J37="","",INDEX(休憩マスタ!$H$5:$H$61,$J37)) | J37: =IFERROR(MATCH(32,休憩マスタ!$I$5:$I$61,0),"")
A38: =IF($J38="","",INDEX(休憩マスタ!$C$5:$C$61,$J38)) | B38: =IF($J38="","",INDEX(休憩マスタ!$D$5:$D$61,$J38)) | C38: =IF($J38="","",INDEX(休憩マスタ!$E$5:$E$61,$J38)) | D38: =IF($J38="","",INDEX(休憩マスタ!$B$5:$B$61,$J38)) | E38: =IF($J38="","",INDEX(休憩マスタ!$J$5:$J$61,$J38)) | F38: =IF($J38="","",INDEX(休憩マスタ!$F$5:$F$61,$J38)) | G38: =IF($J38="","",INDEX(休憩マスタ!$H$5:$H$61,$J38)) | J38: =IFERROR(MATCH(33,休憩マスタ!$I$5:$I$61,0),"")
A39: =IF($J39="","",INDEX(休憩マスタ!$C$5:$C$61,$J39)) | B39: =IF($J39="","",INDEX(休憩マスタ!$D$5:$D$61,$J39)) | C39: =IF($J39="","",INDEX(休憩マスタ!$E$5:$E$61,$J39)) | D39: =IF($J39="","",INDEX(休憩マスタ!$B$5:$B$61,$J39)) | E39: =IF($J39="","",INDEX(休憩マスタ!$J$5:$J$61,$J39)) | F39: =IF($J39="","",INDEX(休憩マスタ!$F$5:$F$61,$J39)) | G39: =IF($J39="","",INDEX(休憩マスタ!$H$5:$H$61,$J39)) | J39: =IFERROR(MATCH(34,休憩マスタ!$I$5:$I$61,0),"")
A40: =IF($J40="","",INDEX(休憩マスタ!$C$5:$C$61,$J40)) | B40: =IF($J40="","",INDEX(休憩マスタ!$D$5:$D$61,$J40)) | C40: =IF($J40="","",INDEX(休憩マスタ!$E$5:$E$61,$J40)) | D40: =IF($J40="","",INDEX(休憩マスタ!$B$5:$B$61,$J40)) | E40: =IF($J40="","",INDEX(休憩マスタ!$J$5:$J$61,$J40)) | F40: =IF($J40="","",INDEX(休憩マスタ!$F$5:$F$61,$J40)) | G40: =IF($J40="","",INDEX(休憩マスタ!$H$5:$H$61,$J40)) | J40: =IFERROR(MATCH(35,休憩マスタ!$I$5:$I$61,0),"")
A41: =IF($J41="","",INDEX(休憩マスタ!$C$5:$C$61,$J41)) | B41: =IF($J41="","",INDEX(休憩マスタ!$D$5:$D$61,$J41)) | C41: =IF($J41="","",INDEX(休憩マスタ!$E$5:$E$61,$J41)) | D41: =IF($J41="","",INDEX(休憩マスタ!$B$5:$B$61,$J41)) | E41: =IF($J41="","",INDEX(休憩マスタ!$J$5:$J$61,$J41)) | F41: =IF($J41="","",INDEX(休憩マスタ!$F$5:$F$61,$J41)) | G41: =IF($J41="","",INDEX(休憩マスタ!$H$5:$H$61,$J41)) | J41: =IFERROR(MATCH(36,休憩マスタ!$I$5:$I$61,0),"")
A42: =IF($J42="","",INDEX(休憩マスタ!$C$5:$C$61,$J42)) | B42: =IF($J42="","",INDEX(休憩マスタ!$D$5:$D$61,$J42)) | C42: =IF($J42="","",INDEX(休憩マスタ!$E$5:$E$61,$J42)) | D42: =IF($J42="","",INDEX(休憩マスタ!$B$5:$B$61,$J42)) | E42: =IF($J42="","",INDEX(休憩マスタ!$J$5:$J$61,$J42)) | F42: =IF($J42="","",INDEX(休憩マスタ!$F$5:$F$61,$J42)) | G42: =IF($J42="","",INDEX(休憩マスタ!$H$5:$H$61,$J42)) | J42: =IFERROR(MATCH(37,休憩マスタ!$I$5:$I$61,0),"")
A43: =IF($J43="","",INDEX(休憩マスタ!$C$5:$C$61,$J43)) | B43: =IF($J43="","",INDEX(休憩マスタ!$D$5:$D$61,$J43)) | C43: =IF($J43="","",INDEX(休憩マスタ!$E$5:$E$61,$J43)) | D43: =IF($J43="","",INDEX(休憩マスタ!$B$5:$B$61,$J43)) | E43: =IF($J43="","",INDEX(休憩マスタ!$J$5:$J$61,$J43)) | F43: =IF($J43="","",INDEX(休憩マスタ!$F$5:$F$61,$J43)) | G43: =IF($J43="","",INDEX(休憩マスタ!$H$5:$H$61,$J43)) | J43: =IFERROR(MATCH(38,休憩マスタ!$I$5:$I$61,0),"")
A44: =IF($J44="","",INDEX(休憩マスタ!$C$5:$C$61,$J44)) | B44: =IF($J44="","",INDEX(休憩マスタ!$D$5:$D$61,$J44)) | C44: =IF($J44="","",INDEX(休憩マスタ!$E$5:$E$61,$J44)) | D44: =IF($J44="","",INDEX(休憩マスタ!$B$5:$B$61,$J44)) | E44: =IF($J44="","",INDEX(休憩マスタ!$J$5:$J$61,$J44)) | F44: =IF($J44="","",INDEX(休憩マスタ!$F$5:$F$61,$J44)) | G44: =IF($J44="","",INDEX(休憩マスタ!$H$5:$H$61,$J44)) | J44: =IFERROR(MATCH(39,休憩マスタ!$I$5:$I$61,0),"")
A45: =IF($J45="","",INDEX(休憩マスタ!$C$5:$C$61,$J45)) | B45: =IF($J45="","",INDEX(休憩マスタ!$D$5:$D$61,$J45)) | C45: =IF($J45="","",INDEX(休憩マスタ!$E$5:$E$61,$J45)) | D45: =IF($J45="","",INDEX(休憩マスタ!$B$5:$B$61,$J45)) | E45: =IF($J45="","",INDEX(休憩マスタ!$J$5:$J$61,$J45)) | F45: =IF($J45="","",INDEX(休憩マスタ!$F$5:$F$61,$J45)) | G45: =IF($J45="","",INDEX(休憩マスタ!$H$5:$H$61,$J45)) | J45: =IFERROR(MATCH(40,休憩マスタ!$I$5:$I$61,0),"")
A46: =IF($J46="","",INDEX(休憩マスタ!$C$5:$C$61,$J46)) | B46: =IF($J46="","",INDEX(休憩マスタ!$D$5:$D$61,$J46)) | C46: =IF($J46="","",INDEX(休憩マスタ!$E$5:$E$61,$J46)) | D46: =IF($J46="","",INDEX(休憩マスタ!$B$5:$B$61,$J46)) | E46: =IF($J46="","",INDEX(休憩マスタ!$J$5:$J$61,$J46)) | F46: =IF($J46="","",INDEX(休憩マスタ!$F$5:$F$61,$J46)) | G46: =IF($J46="","",INDEX(休憩マスタ!$H$5:$H$61,$J46)) | J46: =IFERROR(MATCH(41,休憩マスタ!$I$5:$I$61,0),"")
A47: =IF($J47="","",INDEX(休憩マスタ!$C$5:$C$61,$J47)) | B47: =IF($J47="","",INDEX(休憩マスタ!$D$5:$D$61,$J47)) | C47: =IF($J47="","",INDEX(休憩マスタ!$E$5:$E$61,$J47)) | D47: =IF($J47="","",INDEX(休憩マスタ!$B$5:$B$61,$J47)) | E47: =IF($J47="","",INDEX(休憩マスタ!$J$5:$J$61,$J47)) | F47: =IF($J47="","",INDEX(休憩マスタ!$F$5:$F$61,$J47)) | G47: =IF($J47="","",INDEX(休憩マスタ!$H$5:$H$61,$J47)) | J47: =IFERROR(MATCH(42,休憩マスタ!$I$5:$I$61,0),"")
A48: =IF($J48="","",INDEX(休憩マスタ!$C$5:$C$61,$J48)) | B48: =IF($J48="","",INDEX(休憩マスタ!$D$5:$D$61,$J48)) | C48: =IF($J48="","",INDEX(休憩マスタ!$E$5:$E$61,$J48)) | D48: =IF($J48="","",INDEX(休憩マスタ!$B$5:$B$61,$J48)) | E48: =IF($J48="","",INDEX(休憩マスタ!$J$5:$J$61,$J48)) | F48: =IF($J48="","",INDEX(休憩マスタ!$F$5:$F$61,$J48)) | G48: =IF($J48="","",INDEX(休憩マスタ!$H$5:$H$61,$J48)) | J48: =IFERROR(MATCH(43,休憩マスタ!$I$5:$I$61,0),"")
A49: =IF($J49="","",INDEX(休憩マスタ!$C$5:$C$61,$J49)) | B49: =IF($J49="","",INDEX(休憩マスタ!$D$5:$D$61,$J49)) | C49: =IF($J49="","",INDEX(休憩マスタ!$E$5:$E$61,$J49)) | D49: =IF($J49="","",INDEX(休憩マスタ!$B$5:$B$61,$J49)) | E49: =IF($J49="","",INDEX(休憩マスタ!$J$5:$J$61,$J49)) | F49: =IF($J49="","",INDEX(休憩マスタ!$F$5:$F$61,$J49)) | G49: =IF($J49="","",INDEX(休憩マスタ!$H$5:$H$61,$J49)) | J49: =IFERROR(MATCH(44,休憩マスタ!$I$5:$I$61,0),"")
A50: =IF($J50="","",INDEX(休憩マスタ!$C$5:$C$61,$J50)) | B50: =IF($J50="","",INDEX(休憩マスタ!$D$5:$D$61,$J50)) | C50: =IF($J50="","",INDEX(休憩マスタ!$E$5:$E$61,$J50)) | D50: =IF($J50="","",INDEX(休憩マスタ!$B$5:$B$61,$J50)) | E50: =IF($J50="","",INDEX(休憩マスタ!$J$5:$J$61,$J50)) | F50: =IF($J50="","",INDEX(休憩マスタ!$F$5:$F$61,$J50)) | G50: =IF($J50="","",INDEX(休憩マスタ!$H$5:$H$61,$J50)) | J50: =IFERROR(MATCH(45,休憩マスタ!$I$5:$I$61,0),"")
A51: =IF($J51="","",INDEX(休憩マスタ!$C$5:$C$61,$J51)) | B51: =IF($J51="","",INDEX(休憩マスタ!$D$5:$D$61,$J51)) | C51: =IF($J51="","",INDEX(休憩マスタ!$E$5:$E$61,$J51)) | D51: =IF($J51="","",INDEX(休憩マスタ!$B$5:$B$61,$J51)) | E51: =IF($J51="","",INDEX(休憩マスタ!$J$5:$J$61,$J51)) | F51: =IF($J51="","",INDEX(休憩マスタ!$F$5:$F$61,$J51)) | G51: =IF($J51="","",INDEX(休憩マスタ!$H$5:$H$61,$J51)) | J51: =IFERROR(MATCH(46,休憩マスタ!$I$5:$I$61,0),"")
A52: =IF($J52="","",INDEX(休憩マスタ!$C$5:$C$61,$J52)) | B52: =IF($J52="","",INDEX(休憩マスタ!$D$5:$D$61,$J52)) | C52: =IF($J52="","",INDEX(休憩マスタ!$E$5:$E$61,$J52)) | D52: =IF($J52="","",INDEX(休憩マスタ!$B$5:$B$61,$J52)) | E52: =IF($J52="","",INDEX(休憩マスタ!$J$5:$J$61,$J52)) | F52: =IF($J52="","",INDEX(休憩マスタ!$F$5:$F$61,$J52)) | G52: =IF($J52="","",INDEX(休憩マスタ!$H$5:$H$61,$J52)) | J52: =IFERROR(MATCH(47,休憩マスタ!$I$5:$I$61,0),"")
A53: =IF($J53="","",INDEX(休憩マスタ!$C$5:$C$61,$J53)) | B53: =IF($J53="","",INDEX(休憩マスタ!$D$5:$D$61,$J53)) | C53: =IF($J53="","",INDEX(休憩マスタ!$E$5:$E$61,$J53)) | D53: =IF($J53="","",INDEX(休憩マスタ!$B$5:$B$61,$J53)) | E53: =IF($J53="","",INDEX(休憩マスタ!$J$5:$J$61,$J53)) | F53: =IF($J53="","",INDEX(休憩マスタ!$F$5:$F$61,$J53)) | G53: =IF($J53="","",INDEX(休憩マスタ!$H$5:$H$61,$J53)) | J53: =IFERROR(MATCH(48,休憩マスタ!$I$5:$I$61,0),"")
A54: =IF($J54="","",INDEX(休憩マスタ!$C$5:$C$61,$J54)) | B54: =IF($J54="","",INDEX(休憩マスタ!$D$5:$D$61,$J54)) | C54: =IF($J54="","",INDEX(休憩マスタ!$E$5:$E$61,$J54)) | D54: =IF($J54="","",INDEX(休憩マスタ!$B$5:$B$61,$J54)) | E54: =IF($J54="","",INDEX(休憩マスタ!$J$5:$J$61,$J54)) | F54: =IF($J54="","",INDEX(休憩マスタ!$F$5:$F$61,$J54)) | G54: =IF($J54="","",INDEX(休憩マスタ!$H$5:$H$61,$J54)) | J54: =IFERROR(MATCH(49,休憩マスタ!$I$5:$I$61,0),"")
A55: =IF($J55="","",INDEX(休憩マスタ!$C$5:$C$61,$J55)) | B55: =IF($J55="","",INDEX(休憩マスタ!$D$5:$D$61,$J55)) | C55: =IF($J55="","",INDEX(休憩マスタ!$E$5:$E$61,$J55)) | D55: =IF($J55="","",INDEX(休憩マスタ!$B$5:$B$61,$J55)) | E55: =IF($J55="","",INDEX(休憩マスタ!$J$5:$J$61,$J55)) | F55: =IF($J55="","",INDEX(休憩マスタ!$F$5:$F$61,$J55)) | G55: =IF($J55="","",INDEX(休憩マスタ!$H$5:$H$61,$J55)) | J55: =IFERROR(MATCH(50,休憩マスタ!$I$5:$I$61,0),"")
A56: =IF($J56="","",INDEX(休憩マスタ!$C$5:$C$61,$J56)) | B56: =IF($J56="","",INDEX(休憩マスタ!$D$5:$D$61,$J56)) | C56: =IF($J56="","",INDEX(休憩マスタ!$E$5:$E$61,$J56)) | D56: =IF($J56="","",INDEX(休憩マスタ!$B$5:$B$61,$J56)) | E56: =IF($J56="","",INDEX(休憩マスタ!$J$5:$J$61,$J56)) | F56: =IF($J56="","",INDEX(休憩マスタ!$F$5:$F$61,$J56)) | G56: =IF($J56="","",INDEX(休憩マスタ!$H$5:$H$61,$J56)) | J56: =IFERROR(MATCH(51,休憩マスタ!$I$5:$I$61,0),"")
A57: =IF($J57="","",INDEX(休憩マスタ!$C$5:$C$61,$J57)) | B57: =IF($J57="","",INDEX(休憩マスタ!$D$5:$D$61,$J57)) | C57: =IF($J57="","",INDEX(休憩マスタ!$E$5:$E$61,$J57)) | D57: =IF($J57="","",INDEX(休憩マスタ!$B$5:$B$61,$J57)) | E57: =IF($J57="","",INDEX(休憩マスタ!$J$5:$J$61,$J57)) | F57: =IF($J57="","",INDEX(休憩マスタ!$F$5:$F$61,$J57)) | G57: =IF($J57="","",INDEX(休憩マスタ!$H$5:$H$61,$J57)) | J57: =IFERROR(MATCH(52,休憩マスタ!$I$5:$I$61,0),"")
A58: =IF($J58="","",INDEX(休憩マスタ!$C$5:$C$61,$J58)) | B58: =IF($J58="","",INDEX(休憩マスタ!$D$5:$D$61,$J58)) | C58: =IF($J58="","",INDEX(休憩マスタ!$E$5:$E$61,$J58)) | D58: =IF($J58="","",INDEX(休憩マスタ!$B$5:$B$61,$J58)) | E58: =IF($J58="","",INDEX(休憩マスタ!$J$5:$J$61,$J58)) | F58: =IF($J58="","",INDEX(休憩マスタ!$F$5:$F$61,$J58)) | G58: =IF($J58="","",INDEX(休憩マスタ!$H$5:$H$61,$J58)) | J58: =IFERROR(MATCH(53,休憩マスタ!$I$5:$I$61,0),"")
A59: =IF($J59="","",INDEX(休憩マスタ!$C$5:$C$61,$J59)) | B59: =IF($J59="","",INDEX(休憩マスタ!$D$5:$D$61,$J59)) | C59: =IF($J59="","",INDEX(休憩マスタ!$E$5:$E$61,$J59)) | D59: =IF($J59="","",INDEX(休憩マスタ!$B$5:$B$61,$J59)) | E59: =IF($J59="","",INDEX(休憩マスタ!$J$5:$J$61,$J59)) | F59: =IF($J59="","",INDEX(休憩マスタ!$F$5:$F$61,$J59)) | G59: =IF($J59="","",INDEX(休憩マスタ!$H$5:$H$61,$J59)) | J59: =IFERROR(MATCH(54,休憩マスタ!$I$5:$I$61,0),"")
A60: =IF($J60="","",INDEX(休憩マスタ!$C$5:$C$61,$J60)) | B60: =IF($J60="","",INDEX(休憩マスタ!$D$5:$D$61,$J60)) | C60: =IF($J60="","",INDEX(休憩マスタ!$E$5:$E$61,$J60)) | D60: =IF($J60="","",INDEX(休憩マスタ!$B$5:$B$61,$J60)) | E60: =IF($J60="","",INDEX(休憩マスタ!$J$5:$J$61,$J60)) | F60: =IF($J60="","",INDEX(休憩マスタ!$F$5:$F$61,$J60)) | G60: =IF($J60="","",INDEX(休憩マスタ!$H$5:$H$61,$J60)) | J60: =IFERROR(MATCH(55,休憩マスタ!$I$5:$I$61,0),"")
A61: =IF($J61="","",INDEX(休憩マスタ!$C$5:$C$61,$J61)) | B61: =IF($J61="","",INDEX(休憩マスタ!$D$5:$D$61,$J61)) | C61: =IF($J61="","",INDEX(休憩マスタ!$E$5:$E$61,$J61)) | D61: =IF($J61="","",INDEX(休憩マスタ!$B$5:$B$61,$J61)) | E61: =IF($J61="","",INDEX(休憩マスタ!$J$5:$J$61,$J61)) | F61: =IF($J61="","",INDEX(休憩マスタ!$F$5:$F$61,$J61)) | G61: =IF($J61="","",INDEX(休憩マスタ!$H$5:$H$61,$J61)) | J61: =IFERROR(MATCH(56,休憩マスタ!$I$5:$I$61,0),"")
A62: =IF($J62="","",INDEX(休憩マスタ!$C$5:$C$61,$J62)) | B62: =IF($J62="","",INDEX(休憩マスタ!$D$5:$D$61,$J62)) | C62: =IF($J62="","",INDEX(休憩マスタ!$E$5:$E$61,$J62)) | D62: =IF($J62="","",INDEX(休憩マスタ!$B$5:$B$61,$J62)) | E62: =IF($J62="","",INDEX(休憩マスタ!$J$5:$J$61,$J62)) | F62: =IF($J62="","",INDEX(休憩マスタ!$F$5:$F$61,$J62)) | G62: =IF($J62="","",INDEX(休憩マスタ!$H$5:$H$61,$J62)) | J62: =IFERROR(MATCH(57,休憩マスタ!$I$5:$I$61,0),"")

Sheet 行路_ロング
A1: 系統 | B1: ダイヤ | C1: 路線 | D1: 方向 | E1: 列車番号 | F1: 放送番号 | G1: 駅 | H1: 着発 | I1: 日跨ぎ | J1: 種別 | K1: 充当 | L1: 着時刻(秒) | M1: 発時刻(秒) | N1: 車内集札 | O1: 金庫 | P1: 後部要員 | Q1: 番線 | R1: 西院止まり | S1: 便乗表示列番 | T1: 退勤 | U1: 次休憩
A2: 1 | B2: 休日 | C2: 本線 | D2: 下り | E2: 0501 | F2: 0502 | G2: 西院 | H2: 発 | J2: 営業 | M2: 5:30:20
A3: 1 | B3: 休日 | C3: 本線 | D3: 下り | E3: 0501 | F3: 0502 | G3: 西大路三条 | H3: 発 | J3: 営業 | L3: 5:32:10 | M3: 5:32:25
A4: 1 | B4: 休日 | C4: 本線 | D4: 下り | E4: 0501 | F4: 0502 | G4: 山ノ内 | H4: 発 | J4: 営業 | L4: 5:34:20 | M4: 5:34:45
A5: 1 | B5: 休日 | C5: 本線 | D5: 下り | E5: 0501 | F5: 0502 | G5: 天神川 | H5: 発 | J5: 営業 | L5: 5:36:45 | M5: 5:37:10
A6: 1 | B6: 休日 | C6: 本線 | D6: 下り | E6: 0501 | F6: 0502 | G6: 蚕ノ社 | H6: 発 | J6: 営業 | L6: 5:38:00 | M6: 5:38:15
A7: 1 | B7: 休日 | C7: 本線 | D7: 下り | E7: 0501 | F7: 0502 | G7: 太秦広隆寺 | H7: 発 | J7: 営業 | L7: 5:39:35 | M7: 5:39:50
A8: 1 | B8: 休日 | C8: 本線 | D8: 下り | E8: 0501 | F8: 0502 | G8: 帷子ノ辻 | H8: 発 | J8: 営業 | L8: 5:41:50 | M8: 5:42:20 | N8: ○
A9: 1 | B9: 休日 | C9: 本線 | D9: 下り | E9: 0501 | F9: 0502 | G9: 有栖川 | H9: 発 | J9: 営業 | L9: 5:43:30 | M9: 5:43:45
A10: 1 | B10: 休日 | C10: 本線 | D10: 下り | E10: 0501 | F10: 0502 | G10: 車折 | H10: 発 | J10: 営業 | L10: 5:45:10 | M10: 5:45:25
A11: 1 | B11: 休日 | C11: 本線 | D11: 下り | E11: 0501 | F11: 0502 | G11: 鹿王院 | H11: 発 | J11: 営業 | L11: 5:46:20 | M11: 5:46:35
A12: 1 | B12: 休日 | C12: 本線 | D12: 下り | E12: 0501 | F12: 0502 | G12: 嵯峨 | H12: 発 | J12: 営業 | L12: 5:47:40 | M12: 5:47:55
A13: 1 | B13: 休日 | C13: 本線 | D13: 下り | E13: 0501 | F13: 0502 | G13: 嵐山 | H13: 着 | J13: 営業 | L13: 5:49:00 | N13: ○ | Q13: 1
A14: 1 | B14: 休日 | C14: 本線 | D14: 上り | E14: 0502 | F14: 0201 | G14: 嵐山 | H14: 発 | J14: 営業 | M14: 5:53:00 | Q14: 1
A15: 1 | B15: 休日 | C15: 本線 | D15: 上り | E15: 0502 | F15: 0201 | G15: 嵯峨 | H15: 発 | J15: 営業 | L15: 5:53:55 | M15: 5:54:20
A16: 1 | B16: 休日 | C16: 本線 | D16: 上り | E16: 0502 | F16: 0201 | G16: 鹿王院 | H16: 発 | J16: 営業 | L16: 5:55:25 | M16: 5:55:45
A17: 1 | B17: 休日 | C17: 本線 | D17: 上り | E17: 0502 | F17: 0201 | G17: 車折 | H17: 発 | J17: 営業 | L17: 5:56:40 | M17: 5:57:10
A18: 1 | B18: 休日 | C18: 本線 | D18: 上り | E18: 0502 | F18: 0201 | G18: 有栖川 | H18: 発 | J18: 営業 | L18: 5:58:35 | M18: 5:58:55
A19: 1 | B19: 休日 | C19: 本線 | D19: 上り | E19: 0502 | F19: 0201 | G19: 帷子ノ辻 | H19: 発 | J19: 営業 | L19: 6:00:10 | M19: 6:01:15 | N19: ○
A20: 1 | B20: 休日 | C20: 本線 | D20: 上り | E20: 0502 | F20: 0201 | G20: 太秦広隆寺 | H20: 発 | J20: 営業 | L20: 6:03:25 | M20: 6:03:45
A21: 1 | B21: 休日 | C21: 本線 | D21: 上り | E21: 0502 | F21: 0201 | G21: 蚕ノ社 | H21: 発 | J21: 営業 | L21: 6:05:00 | M21: 6:05:20
A22: 1 | B22: 休日 | C22: 本線 | D22: 上り | E22: 0502 | F22: 0201 | G22: 天神川 | H22: 発 | J22: 営業 | L22: 6:06:05 | M22: 6:06:50
A23: 1 | B23: 休日 | C23: 本線 | D23: 上り | E23: 0502 | F23: 0201 | G23: 山ノ内 | H23: 発 | J23: 営業 | L23: 6:08:40 | M23: 6:09:05
A24: 1 | B24: 休日 | C24: 本線 | D24: 上り | E24: 0502 | F24: 0201 | G24: 西大路三条 | H24: 発 | J24: 営業 | L24: 6:10:55 | M24: 6:11:15
A25: 1 | B25: 休日 | C25: 本線 | D25: 上り | E25: 0502 | F25: 0201 | G25: 西院 | H25: 発 | J25: 営業 | L25: 6:13:10 | M25: 6:14:05
A26: 1 | B26: 休日 | C26: 本線 | D26: 上り | E26: 0502 | F26: 0201 | G26: 四条大宮 | H26: 着 | J26: 営業 | L26: 6:17:00 | N26: ○ | Q26: 1
A27: 1 | B27: 休日 | C27: 本線 | D27: 下り | E27: 0605 | F27: 0102 | G27: 四条大宮 | H27: 発 | J27: 営業 | M27: 6:25:00 | Q27: 1
A28: 1 | B28: 休日 | C28: 本線 | D28: 下り | E28: 0605 | F28: 0102 | G28: 西院 | H28: 発 | J28: 営業 | L28: 6:27:50 | M28: 6:28:20
A29: 1 | B29: 休日 | C29: 本線 | D29: 下り | E29: 0605 | F29: 0102 | G29: 西大路三条 | H29: 発 | J29: 営業 | L29: 6:30:10 | M29: 6:30:25
A30: 1 | B30: 休日 | C30: 本線 | D30: 下り | E30: 0605 | F30: 0102 | G30: 山ノ内 | H30: 発 | J30: 営業 | L30: 6:32:20 | M30: 6:32:45
A31: 1 | B31: 休日 | C31: 本線 | D31: 下り | E31: 0605 | F31: 0102 | G31: 天神川 | H31: 発 | J31: 営業 | L31: 6:34:45 | M31: 6:35:10
A32: 1 | B32: 休日 | C32: 本線 | D32: 下り | E32: 0605 | F32: 0102 | G32: 蚕ノ社 | H32: 発 | J32: 営業 | L32: 6:36:00 | M32: 6:36:15
A33: 1 | B33: 休日 | C33: 本線 | D33: 下り | E33: 0605 | F33: 0102 | G33: 太秦広隆寺 | H33: 発 | J33: 営業 | L33: 6:37:35 | M33: 6:37:50
A34: 1 | B34: 休日 | C34: 本線 | D34: 下り | E34: 0605 | F34: 0102 | G34: 帷子ノ辻 | H34: 発 | J34: 営業 | L34: 6:39:50 | M34: 6:40:20 | N34: ○
A35: 1 | B35: 休日 | C35: 本線 | D35: 下り | E35: 0605 | F35: 0102 | G35: 有栖川 | H35: 発 | J35: 営業 | L35: 6:41:30 | M35: 6:41:45
A36: 1 | B36: 休日 | C36: 本線 | D36: 下り | E36: 0605 | F36: 0102 | G36: 車折 | H36: 発 | J36: 営業 | L36: 6:43:10 | M36: 6:43:25
A37: 1 | B37: 休日 | C37: 本線 | D37: 下り | E37: 0605 | F37: 0102 | G37: 鹿王院 | H37: 発 | J37: 営業 | L37: 6:44:20 | M37: 6:44:35
A38: 1 | B38: 休日 | C38: 本線 | D38: 下り | E38: 0605 | F38: 0102 | G38: 嵯峨 | H38: 発 | J38: 営業 | L38: 6:45:40 | M38: 6:45:55
A39: 1 | B39: 休日 | C39: 本線 | D39: 下り | E39: 0605 | F39: 0102 | G39: 嵐山 | H39: 着 | J39: 営業 | L39: 6:47:00 | N39: ○ | Q39: 1
A40: 1 | B40: 休日 | C40: 本線 | D40: 上り | E40: 0608 | F40: 2221 | G40: 嵐山 | H40: 発 | J40: 営業 | M40: 6:53:00 | Q40: 1
A41: 1 | B41: 休日 | C41: 本線 | D41: 上り | E41: 0608 | F41: 2221 | G41: 嵯峨 | H41: 発 | J41: 営業 | L41: 6:53:55 | M41: 6:54:20
A42: 1 | B42: 休日 | C42: 本線 | D42: 上り | E42: 0608 | F42: 2221 | G42: 鹿王院 | H42: 発 | J42: 営業 | L42: 6:55:25 | M42: 6:55:45
A43: 1 | B43: 休日 | C43: 本線 | D43: 上り | E43: 0608 | F43: 2221 | G43: 車折 | H43: 発 | J43: 営業 | L43: 6:56:40 | M43: 6:57:10
A44: 1 | B44: 休日 | C44: 本線 | D44: 上り | E44: 0608 | F44: 2221 | G44: 有栖川 | H44: 発 | J44: 営業 | L44: 6:58:35 | M44: 6:58:55
A45: 1 | B45: 休日 | C45: 本線 | D45: 上り | E45: 0608 | F45: 2221 | G45: 帷子ノ辻 | H45: 発 | J45: 営業 | L45: 7:00:10 | M45: 7:01:15
A46: 1 | B46: 休日 | C46: 本線 | D46: 上り | E46: 0608 | F46: 2221 | G46: 太秦広隆寺 | H46: 発 | J46: 営業 | L46: 7:03:25 | M46: 7:03:45
A47: 1 | B47: 休日 | C47: 本線 | D47: 上り | E47: 0608 | F47: 2221 | G47: 蚕ノ社 | H47: 発 | J47: 営業 | L47: 7:05:00 | M47: 7:05:20
A48: 1 | B48: 休日 | C48: 本線 | D48: 上り | E48: 0608 | F48: 2221 | G48: 天神川 | H48: 発 | J48: 営業 | L48: 7:06:05 | M48: 7:06:50
A49: 1 | B49: 休日 | C49: 本線 | D49: 上り | E49: 0608 | F49: 2221 | G49: 山ノ内 | H49: 発 | J49: 営業 | L49: 7:08:40 | M49: 7:09:05
A50: 1 | B50: 休日 | C50: 本線 | D50: 上り | E50: 0608 | F50: 2221 | G50: 西大路三条 | H50: 発 | J50: 営業 | L50: 7:10:55 | M50: 7:11:15
A51: 1 | B51: 休日 | C51: 本線 | D51: 上り | E51: 0608 | F51: 2221 | G51: 西院 | H51: 発 | J51: 営業 | L51: 7:13:10 | M51: 7:14:05
A52: 1 | B52: 休日 | C52: 本線 | D52: 上り | E52: 0608 | F52: 2221 | G52: 四条大宮 | H52: 着 | J52: 営業 | L52: 7:17:00 | Q52: 1
A53: 1 | B53: 休日 | C53: 本線 | D53: 下り | E53: 0705 | F53: 0122 | G53: 四条大宮 | H53: 発 | J53: 営業 | M53: 7:23:00 | Q53: 1
A54: 1 | B54: 休日 | C54: 本線 | D54: 下り | E54: 0705 | F54: 0122 | G54: 西院 | H54: 発 | J54: 営業 | L54: 7:25:50 | M54: 7:26:20
A55: 1 | B55: 休日 | C55: 本線 | D55: 下り | E55: 0705 | F55: 0122 | G55: 西大路三条 | H55: 発 | J55: 営業 | L55: 7:28:10 | M55: 7:28:30
A56: 1 | B56: 休日 | C56: 本線 | D56: 下り | E56: 0705 | F56: 0122 | G56: 山ノ内 | H56: 発 | J56: 営業 | L56: 7:30:25 | M56: 7:30:50
A57: 1 | B57: 休日 | C57: 本線 | D57: 下り | E57: 0705 | F57: 0122 | G57: 天神川 | H57: 発 | J57: 営業 | L57: 7:32:50 | M57: 7:33:30
A58: 1 | B58: 休日 | C58: 本線 | D58: 下り | E58: 0705 | F58: 0122 | G58: 蚕ノ社 | H58: 発 | J58: 営業 | L58: 7:34:20 | M58: 7:34:40
A59: 1 | B59: 休日 | C59: 本線 | D59: 下り | E59: 0705 | F59: 0122 | G59: 太秦広隆寺 | H59: 発 | J59: 営業 | L59: 7:36:00 | M59: 7:36:20
A60: 1 | B60: 休日 | C60: 本線 | D60: 下り | E60: 0705 | F60: 0122 | G60: 帷子ノ辻 | H60: 発 | J60: 営業 | L60: 7:38:20 | M60: 7:39:40
A61: 1 | B61: 休日 | C61: 本線 | D61: 下り | E61: 0705 | F61: 0122 | G61: 有栖川 | H61: 発 | J61: 営業 | L61: 7:40:50 | M61: 7:41:15
A62: 1 | B62: 休日 | C62: 本線 | D62: 下り | E62: 0705 | F62: 0122 | G62: 車折 | H62: 発 | J62: 営業 | L62: 7:42:40 | M62: 7:43:05
A63: 1 | B63: 休日 | C63: 本線 | D63: 下り | E63: 0705 | F63: 0122 | G63: 鹿王院 | H63: 発 | J63: 営業 | L63: 7:44:00 | M63: 7:44:25
A64: 1 | B64: 休日 | C64: 本線 | D64: 下り | E64: 0705 | F64: 0122 | G64: 嵯峨 | H64: 発 | J64: 営業 | L64: 7:45:30 | M64: 7:45:55
A65: 1 | B65: 休日 | C65: 本線 | D65: 下り | E65: 0705 | F65: 0122 | G65: 嵐山 | H65: 着 | J65: 営業 | L65: 7:47:00 | N65: ○ | Q65: 1
A66: 1 | B66: 休日 | C66: 本線 | D66: 上り | E66: 0712 | F66: 2221 | G66: 嵐山 | H66: 発 | J66: 営業 | M66: 7:53:00 | Q66: 1 | U66: →西院 休憩(8:26〜9:46)
A67: 1 | B67: 休日 | C67: 本線 | D67: 上り | E67: 0712 | F67: 2221 | G67: 嵯峨 | H67: 発 | J67: 営業 | L67: 7:53:55 | M67: 7:54:20 | U67: →西院 休憩(8:26〜9:46)
A68: 1 | B68: 休日 | C68: 本線 | D68: 上り | E68: 0712 | F68: 2221 | G68: 鹿王院 | H68: 発 | J68: 営業 | L68: 7:55:25 | M68: 7:55:45 | U68: →西院 休憩(8:26〜9:46)
A69: 1 | B69: 休日 | C69: 本線 | D69: 上り | E69: 0712 | F69: 2221 | G69: 車折 | H69: 発 | J69: 営業 | L69: 7:56:40 | M69: 7:57:10 | U69: →西院 休憩(8:26〜9:46)
A70: 1 | B70: 休日 | C70: 本線 | D70: 上り | E70: 0712 | F70: 2221 | G70: 有栖川 | H70: 発 | J70: 営業 | L70: 7:58:35 | M70: 7:58:55 | U70: →西院 休憩(8:26〜9:46)
A71: 1 | B71: 休日 | C71: 本線 | D71: 上り | E71: 0712 | F71: 2221 | G71: 帷子ノ辻 | H71: 発 | J71: 営業 | L71: 8:00:10 | M71: 8:01:15 | U71: →西院 休憩(8:26〜9:46)
A72: 1 | B72: 休日 | C72: 本線 | D72: 上り | E72: 0712 | F72: 2221 | G72: 太秦広隆寺 | H72: 発 | J72: 営業 | L72: 8:03:25 | M72: 8:03:45 | U72: →西院 休憩(8:26〜9:46)
A73: 1 | B73: 休日 | C73: 本線 | D73: 上り | E73: 0712 | F73: 2221 | G73: 蚕ノ社 | H73: 発 | J73: 営業 | L73: 8:05:00 | M73: 8:05:20 | U73: →西院 休憩(8:26〜9:46)
A74: 1 | B74: 休日 | C74: 本線 | D74: 上り | E74: 0712 | F74: 2221 | G74: 天神川 | H74: 発 | J74: 営業 | L74: 8:06:05 | M74: 8:06:50 | U74: →西院 休憩(8:26〜9:46)
A75: 1 | B75: 休日 | C75: 本線 | D75: 上り | E75: 0712 | F75: 2221 | G75: 山ノ内 | H75: 発 | J75: 営業 | L75: 8:08:40 | M75: 8:09:05 | U75: →西院 休憩(8:26〜9:46)
A76: 1 | B76: 休日 | C76: 本線 | D76: 上り | E76: 0712 | F76: 2221 | G76: 西大路三条 | H76: 発 | J76: 営業 | L76: 8:10:55 | M76: 8:11:15 | U76: →西院 休憩(8:26〜9:46)
A77: 1 | B77: 休日 | C77: 本線 | D77: 上り | E77: 0712 | F77: 2221 | G77: 西院 | H77: 発 | J77: 営業 | L77: 8:13:10 | M77: 8:14:05 | U77: →西院 休憩(8:26〜9:46)
A78: 1 | B78: 休日 | C78: 本線 | D78: 上り | E78: 0712 | F78: 2221 | G78: 四条大宮 | H78: 着 | J78: 営業 | L78: 8:17:00 | Q78: 1 | U78: →西院 休憩(8:26〜9:46)
A79: 1 | B79: 休日 | C79: 本線 | D79: 下り | E79: 0805 | F79: 0122 | G79: 四条大宮 | H79: 発 | J79: 営業 | M79: 8:23:00 | Q79: 1 | U79: →西院 休憩(8:26〜9:46)
A80: 1 | B80: 休日 | C80: 本線 | D80: 下り | E80: 0805 | F80: 0122 | G80: 西院 | H80: 着 | J80: 営業 | L80: 8:25:50 | M80: 8:26:20 | U80: →西院 休憩(8:26〜9:46)
A81: 1 | B81: 休日 | C81: 本線 | D81: 下り | E81: 0909 | F81: 0112 | G81: 西院 | H81: 発 | J81: 営業 | L81: 9:45:50 | M81: 9:46:20
A82: 1 | B82: 休日 | C82: 本線 | D82: 下り | E82: 0909 | F82: 0112 | G82: 西大路三条 | H82: 発 | J82: 営業 | L82: 9:48:10 | M82: 9:48:30
A83: 1 | B83: 休日 | C83: 本線 | D83: 下り | E83: 0909 | F83: 0112 | G83: 山ノ内 | H83: 発 | J83: 営業 | L83: 9:50:25 | M83: 9:50:50
A84: 1 | B84: 休日 | C84: 本線 | D84: 下り | E84: 0909 | F84: 0112 | G84: 天神川 | H84: 発 | J84: 営業 | L84: 9:52:50 | M84: 9:53:30
A85: 1 | B85: 休日 | C85: 本線 | D85: 下り | E85: 0909 | F85: 0112 | G85: 蚕ノ社 | H85: 発 | J85: 営業 | L85: 9:54:20 | M85: 9:54:40
A86: 1 | B86: 休日 | C86: 本線 | D86: 下り | E86: 0909 | F86: 0112 | G86: 太秦広隆寺 | H86: 発 | J86: 営業 | L86: 9:56:00 | M86: 9:56:20
A87: 1 | B87: 休日 | C87: 本線 | D87: 下り | E87: 0909 | F87: 0112 | G87: 帷子ノ辻 | H87: 発 | J87: 営業 | L87: 9:58:20 | M87: 9:59:40
A88: 1 | B88: 休日 | C88: 本線 | D88: 下り | E88: 0909 | F88: 0112 | G88: 有栖川 | H88: 発 | J88: 営業 | L88: 10:00:50 | M88: 10:01:15
A89: 1 | B89: 休日 | C89: 本線 | D89: 下り | E89: 0909 | F89: 0112 | G89: 車折 | H89: 発 | J89: 営業 | L89: 10:02:40 | M89: 10:03:05
A90: 1 | B90: 休日 | C90: 本線 | D90: 下り | E90: 0909 | F90: 0112 | G90: 鹿王院 | H90: 発 | J90: 営業 | L90: 10:04:00 | M90: 10:04:25
A91: 1 | B91: 休日 | C91: 本線 | D91: 下り | E91: 0909 | F91: 0112 | G91: 嵯峨 | H91: 発 | J91: 営業 | L91: 10:05:30 | M91: 10:05:55
A92: 1 | B92: 休日 | C92: 本線 | D92: 下り | E92: 0909 | F92: 0112 | G92: 嵐山 | H92: 着 | J92: 営業 | L92: 10:07:00 | Q92: 1
A93: 1 | B93: 休日 | C93: 本線 | D93: 上り | E93: 1004 | F93: 0211 | G93: 嵐山 | H93: 発 | J93: 営業 | M93: 10:13:00 | Q93: 1
A94: 1 | B94: 休日 | C94: 本線 | D94: 上り | E94: 1004 | F94: 0211 | G94: 嵯峨 | H94: 発 | J94: 営業 | L94: 10:13:55 | M94: 10:14:20
A95: 1 | B95: 休日 | C95: 本線 | D95: 上り | E95: 1004 | F95: 0211 | G95: 鹿王院 | H95: 発 | J95: 営業 | L95: 10:15:25 | M95: 10:15:45
A96: 1 | B96: 休日 | C96: 本線 | D96: 上り | E96: 1004 | F96: 0211 | G96: 車折 | H96: 発 | J96: 営業 | L96: 10:16:40 | M96: 10:17:10
A97: 1 | B97: 休日 | C97: 本線 | D97: 上り | E97: 1004 | F97: 0211 | G97: 有栖川 | H97: 発 | J97: 営業 | L97: 10:18:35 | M97: 10:18:55
A98: 1 | B98: 休日 | C98: 本線 | D98: 上り | E98: 1004 | F98: 0211 | G98: 帷子ノ辻 | H98: 発 | J98: 営業 | L98: 10:20:10 | M98: 10:21:15
A99: 1 | B99: 休日 | C99: 本線 | D99: 上り | E99: 1004 | F99: 0211 | G99: 太秦広隆寺 | H99: 発 | J99: 営業 | L99: 10:23:25 | M99: 10:23:45
A100: 1 | B100: 休日 | C100: 本線 | D100: 上り | E100: 1004 | F100: 0211 | G100: 蚕ノ社 | H100: 発 | J100: 営業 | L100: 10:25:00 | M100: 10:25:20
...

Sheet 休憩マスタ
A1: 休憩マスタ（事前計算済み）
A2: 休憩=系統内連続イベント間の空き。西院10分以上(本線)/帷子ノ辻26分以上(北野線)。嵐山・四条大宮・北野白梅町の折返除外。120分以上=中休勤務(退勤)。
A4: ダイヤ | B4: 系統 | C4: 開始 | D4: 終了 | E4: 所要分 | F4: 交代駅 | G4: 路線 | H4: 区分 | I4: 当日順位 | J4: 担当運転士
A5: 休日 | B5: 1 | C5: 08:26 | D5: 09:46 | E5: 80 | F5: 西院 | G5: 本線 | H5: 休憩 | I5: =IF(A5=当日早見表!$B$3,COUNTIF($A$5:$A5,当日早見表!$B$3),"") | J5: =IFERROR(INDEX(当日早見表!$B$7:$B$44,MATCH(B5&"系統",当日早見表!$A$7:$A$44,0)),"")
A6: 休日 | B6: 16 | C6: 08:44 | D6: 09:46 | E6: 62 | F6: 帷子ノ辻 | G6: 北野線 | H6: 休憩 | I6: =IF(A6=当日早見表!$B$3,COUNTIF($A$5:$A6,当日早見表!$B$3),"") | J6: =IFERROR(INDEX(当日早見表!$B$7:$B$44,MATCH(B6&"系統",当日早見表!$A$7:$A$44,0)),"")
A7: 休日 | B7: 3 | C7: 08:56 | D7: 10:16 | E7: 80 | F7: 西院 | G7: 本線 | H7: 休憩 | I7: =IF(A7=当日早見表!$B$3,COUNTIF($A$5:$A7,当日早見表!$B$3),"") | J7: =IFERROR(INDEX(当日早見表!$B$7:$B$44,MATCH(B7&"系統",当日早見表!$A$7:$A$44,0)),"")
A8: 休日 | B8: 17 | C8: 09:34 | D8: 10:36 | E8: 62 | F8: 帷子ノ辻 | G8: 北野線 | H8: 休憩 | I8: =IF(A8=当日早見表!$B$3,COUNTIF($A$5:$A8,当日早見表!$B$3),"") | J8: =IFERROR(INDEX(当日早見表!$B$7:$B$44,MATCH(B8&"系統",当日早見表!$A$7:$A$44,0)),"")
A9: 休日 | B9: 2 | C9: 09:46 | D9: 11:06 | E9: 80 | F9: 西院 | G9: 本線 | H9: 休憩 | I9: =IF(A9=当日早見表!$B$3,COUNTIF($A$5:$A9,当日早見表!$B$3),"") | J9: =IFERROR(INDEX(当日早見表!$B$7:$B$44,MATCH(B9&"系統",当日早見表!$A$7:$A$44,0)),"")
A10: 休日 | B10: 4 | C10: 10:16 | D10: 11:36 | E10: 80 | F10: 西院 | G10: 本線 | H10: 休憩 | I10: =IF(A10=当日早見表!$B$3,COUNTIF($A$5:$A10,当日早見表!$B$3),"") | J10: =IFERROR(INDEX(当日早見表!$B$7:$B$44,MATCH(B10&"系統",当日早見表!$A$7:$A$44,0)),"")
A11: 休日 | B11: 18 | C11: 10:24 | D11: 11:26 | E11: 62 | F11: 帷子ノ辻 | G11: 北野線 | H11: 休憩 | I11: =IF(A11=当日早見表!$B$3,COUNTIF($A$5:$A11,当日早見表!$B$3),"") | J11: =IFERROR(INDEX(当日早見表!$B$7:$B$44,MATCH(B11&"系統",当日早見表!$A$7:$A$44,0)),"")
A12: 休日 | B12: 6 | C12: 11:06 | D12: 12:26 | E12: 80 | F12: 西院 | G12: 本線 | H12: 休憩 | I12: =IF(A12=当日早見表!$B$3,COUNTIF($A$5:$A12,当日早見表!$B$3),"") | J12: =IFERROR(INDEX(当日早見表!$B$7:$B$44,MATCH(B12&"系統",当日早見表!$A$7:$A$44,0)),"")
A13: 休日 | B13: 19 | C13: 11:14 | D13: 12:16 | E13: 62 | F13: 帷子ノ辻 | G13: 北野線 | H13: 休憩 | I13: =IF(A13=当日早見表!$B$3,COUNTIF($A$5:$A13,当日早見表!$B$3),"") | J13: =IFERROR(INDEX(当日早見表!$B$7:$B$44,MATCH(B13&"系統",当日早見表!$A$7:$A$44,0)),"")
A14: 休日 | B14: 5 | C14: 11:36 | D14: 12:56 | E14: 80 | F14: 西院 | G14: 本線 | H14: 休憩 | I14: =IF(A14=当日早見表!$B$3,COUNTIF($A$5:$A14,当日早見表!$B$3),"") | J14: =IFERROR(INDEX(当日早見表!$B$7:$B$44,MATCH(B14&"系統",当日早見表!$A$7:$A$44,0)),"")
A15: 休日 | B15: 20 | C15: 12:04 | D15: 17:06 | E15: 302 | F15: 帷子ノ辻 | G15: 北野線 | H15: 中休勤務 | I15: =IF(A15=当日早見表!$B$3,COUNTIF($A$5:$A15,当日早見表!$B$3),"") | J15: =IFERROR(INDEX(当日早見表!$B$7:$B$44,MATCH(B15&"系統",当日早見表!$A$7:$A$44,0)),"")
A16: 休日 | B16: 8 | C16: 12:26 | D16: 17:36 | E16: 310 | F16: 西院 | G16: 本線 | H16: 中休勤務 | I16: =IF(A16=当日早見表!$B$3,COUNTIF($A$5:$A16,当日早見表!$B$3),"") | J16: =IFERROR(INDEX(当日早見表!$B$7:$B$44,MATCH(B16&"系統",当日早見表!$A$7:$A$44,0)),"")
... A61: 平日 | B61: 15 | C61: 22:06 | D61: 22:33 | E61: 27 | F61: 西院 | G61: 本線 | H61: 休憩 | I61: =IF(A61=当日早見表!$B$3,COUNTIF($A$5:$A61,当日早見表!$B$3),"") | J61: =IFERROR(INDEX(当日早見表!$B$7:$B$44,MATCH(B61&"系統",当日早見表!$A$7:$A$44,0)),"")

Sheet 駅マスタ
A1: 路線 | B1: 駅順 | C1: 駅名 | D1: 略号
A2: 本線 | B2: 1 | C2: 嵐山 | D2: 嵐
A3: 本線 | B3: 2 | C3: 嵯峨 | D3: 嵯
A4: 本線 | B4: 3 | C4: 鹿王院 | D4: 鹿
A5: 本線 | B5: 4 | C5: 車折 | D5: 車
A6: 本線 | B6: 5 | C6: 有栖川 | D6: 有
A7: 本線 | B7: 6 | C7: 帷子ノ辻 | D7: 帷
A8: 本線 | B8: 7 | C8: 太秦広隆寺 | D8: 太
A9: 本線 | B9: 8 | C9: 蚕ノ社 | D9: 蚕
A10: 本線 | B10: 9 | C10: 天神川 | D10: 天
A11: 本線 | B11: 10 | C11: 山ノ内 | D11: 山
A12: 本線 | B12: 11 | C12: 西大路三条 | D12: 三
A13: 本線 | B13: 12 | C13: 西院 | D13: 西
... A24: 北野線 | B24: 10 | C24: 帷子ノ辻 | D24: 帷

Sheet README
A1: 運転士 行路表 分析用.xlsx — データ辞書＆運用ガイド（説明不要レベル・全ツール共通） | B1: 嵐電(本線 嵐山↔四条大宮13駅／北野線 北野白梅町↔帷子ノ辻)の運転士担当データ。運転士表HTMLの出力仕様は『表示仕様_帷子到着表』シートに完全記載。
A2: 【シート一覧】
A3: 早見表_全期間 | B3: 日付×系統 の担当運転士表(2026-05〜)。ダイヤ区分(平日/休日)も保持。担当解決の正本。
A4: 行路_ロング | B4: 1行=1列車×1駅イベント(9744行・23列)。便・時刻(秒)・属性・各フラグの正本。下記列辞書参照。
A5: 出退勤マスタ | B5: 系統別の出勤/退勤時刻。中休勤務=系統8/9/20/21(2回出勤)。
A6: 休憩マスタ | B6: 系統別の休憩(開始/終了/所要分/交代駅/区分)。行路_ロング『次休憩』列の生成元。
A7: 駅マスタ | B7: 駅名・略号・路線内駅順。本線 嵐山(1)〜四条大宮(13)／北野線 帷子ノ辻〜北野白梅町。
A8: 祝日マスタ | B8: 祝日判定(休日ダイヤ)。
A9: 便乗_乗車便対応 | B9: 便乗便→乗車列車番号の対応。便乗の番線/運転時分継承・列番表示に使用。
A10: 当日早見表／当日休憩ビュー | B10: TODAY()連動の当日抽出ビュー(手動確認用)。生成器は使用しない。
A11: 表示仕様_帷子到着表 | B11: 運転士表HTML出力の完全仕様書(唯一の基準)。
A12: 【行路_ロング 列辞書（23列）】
A13: 系統 | B13: 行路(乗務員1日の仕業)番号。早見表でN系統→運転士名。
A14: ダイヤ | B14: 平日/休日。
A15: 路線 | B15: 本線/北野線(走行する物理線路で分類)。
A16: 方向 | B16: 上り/下り。本線:四条大宮行=上り/嵐山行=下り。北野:北野白梅町行=上り/帷子ノ辻行=下り。
A17: 列車番号 | B17: 列車(運行)番号。接頭『連』=連結運転、『回』=回送。便乗便は便乗ID。
A18: 放送番号 | B18: 車内放送番号。回送/便乗/空あり。
A19: 駅 | B19: 停車駅名(駅マスタ準拠)。
A20: 時刻 | B20: HH:MM(発時刻)。
A21: 到着時刻 | B21: 到着基準時刻(途中駅=発時刻/終着=着時刻/始発=空)。
A22: 着発 | B22: 着=終着(1列車に1つ)/発=その他(始発・途中)。
A23: 日跨ぎ | B23: ○=24時超で翌日に跨ぐ。
A24: 種別 | B24: 営業(834便,平日426・休日408)/便乗(32)/回送(19)。
... A36: 【結合キー】 | B36: 路線×ダイヤ×方向×列車番号(連/回除いた数字下4桁=core)。番線・運転時分は発着時刻表PDFと同キーで突合済。
A37: 【標準運用】
A38: ラスト | B38: 各乗務員の最終担当便=『退勤』列○。系統×列車番号一致でその便の全駅行に［ラスト］(全駅・時系列で判別)。
A39: 終着駅 | B39: 嵐山・四条大宮・北野白梅町=着発を1表に統合(gen_shu.py)。西院・帷子・途中駅=着/発別(gen_kt_chaku.py/gen_kt.py)。
A40: ファイル名 | B40: 頭に作成時刻 MMDD-HHMM(現在JST)。例 0617-2030_shijoomiya_着発.html。半角ローマ字駅名。
A41: 回答時JST | B41: チャット回答は毎回先頭に『📅 YYYY-MM-DD（曜日）HH:MM JST』。
A42: 高速化 | B42: 生成器は load_workbook(data_only=True,read_only=True)。行路_ロング・早見表のみ1回iter。
A43: 【既知の制約】
A44: 制約 | B44: ・時刻はhh:mm(秒は別列)。・25/27系統は出勤あり乗務便なし(枠のみ・正常)。・26系統は平日のみ短時間。・元データの出庫/下り交代/車内集札等の運用注記は別列化済。
A45: 運用ルール | B45: 運転士表(到着/発車)は依頼時に確認せず必ずHTMLで出力(基準時刻は指定なければ現在JST)。回答冒頭は📅 YYYY-MM-DD（曜）HH:MM JST形式。出力ファイル名は半角主体「MMDD-HHMM_ローマ字駅名_発.html/_着.html」(発着のみ日本語1字)。

Sheet 祝日マスタ
A1: 日付 | B1: 曜日 | C1: 区分 | D1: 名称
A2: 2026-05-05 | B2: 火 | C2: 休日 | D2: こどもの日
A3: 2026-05-06 | B3: 水 | C3: 休日 | D3: 憲法記念日 振替休日
A4: 2026-07-20 | B4: 月 | C4: 休日 | D4: 海の日
A5: 2026-08-11 | B5: 火 | C5: 休日 | D5: 山の日
A6: 2026-09-21 | B6: 月 | C6: 休日 | D6: 敬老の日
A7: 2026-09-22 | B7: 火 | C7: 休日 | D7: 国民の休日
A8: 2026-09-23 | B8: 水 | C8: 休日 | D8: 秋分の日
A9: 2026-10-12 | B9: 月 | C9: 休日 | D9: スポーツの日
A10: 2026-11-03 | B10: 火 | C10: 休日 | D10: 文化の日
A11: 2026-11-23 | B11: 月 | C11: 休日 | D11: 勤労感謝の日
A12: 2026-12-30 | B12: 水 | C12: 年末年始 | D12: （年末年始）
... A17: 2027-01-11 | B17: 月 | C17: 休日 | D17: 成人の日

Sheet 便乗_乗車便対応
A1: 便乗系統 | B1: 区分 | C1: 便乗ID | D1: 便乗発駅 | E1: 便乗発時刻 | F1: 便乗着駅 | G1: 便乗着時刻 | H1: 便乗方向 | I1: 乗車系統 | J1: 乗車列車番号 | K1: 乗車種別 | L1: 乗車発時刻 | M1: 乗車着時刻 | N1: 備考
A2: 16 | B2: 休日 | C2: 16系統②便乗 | D2: 帷子ノ辻 | E2: 13:41 | F2: 西院 | G2: 13:53 | H2: 上り | I2: 2 | J2: 連1308 | K2: 営業 | L2: 13:41 | M2: 13:54
A3: 16 | B3: 平日 | C3: 16系統⑤便乗 | D3: 帷子ノ辻 | E3: 13:51 | F3: 西院 | G3: 14:03 | H3: 上り | I3: 5 | J3: 1310 | K3: 営業 | L3: 13:51 | M3: 14:04
A4: 17 | B4: 休日 | C4: 17系統③便乗 | D4: 帷子ノ辻 | E4: 13:51 | F4: 西院 | G4: 14:03 | H4: 上り | I4: 3 | J4: 連1310 | K4: 営業 | L4: 13:51 | M4: 14:04
A5: 17 | B5: 平日 | C5: 17系統③便乗 | D5: 帷子ノ辻 | E5: 14:11 | F5: 西院 | G5: 14:23 | H5: 上り | I5: 3 | J5: 1402 | K5: 営業 | L5: 14:11 | M5: 14:24
A6: 18 | B6: 休日 | C6: 18系統②便乗 | D6: 西院 | E6: 06:43 | F6: 帷子ノ辻 | G6: 06:54 | H6: 下り | I6: 2 | J6: 0609 | K6: 営業 | L6: 06:43 | M6: 06:55
A7: 18 | B7: 休日 | C7: 18系統⑩便乗 | D7: 帷子ノ辻 | E7: 14:41 | F7: 西院 | G7: 14:53 | H7: 上り | I7: 10 | J7: 連1408 | K7: 営業 | L7: 14:41 | M7: 14:54
A8: 18 | B8: 平日 | C8: 18系統⑥便乗 | D8: 帷子ノ辻 | E8: 15:21 | F8: 西院 | G8: 15:33 | H8: 上り | I8: 6 | J8: 1504 | K8: 営業 | L8: 15:21 | M8: 15:34
A9: 19 | B9: 休日 | C9: 19系統⑫便乗 | D9: 帷子ノ辻 | E9: 15:31 | F9: 西院 | G9: 15:43 | H9: 上り | I9: 12 | J9: 連1506 | K9: 営業 | L9: 15:31 | M9: 15:44
A10: 19 | B10: 平日 | C10: 19系統⑱便乗 | D10: 西院 | E10: 06:40 | F10: 帷子ノ辻 | G10: 06:52 | H10: 下り | I10: 18 | J10: 回0691 | K10: 回送 | L10: 06:40 | M10: 06:51
A11: 19 | B11: 平日 | C11: 19系統⑬便乗 | D11: 帷子ノ辻 | E11: 15:53 | F11: 西院 | G11: 16:05 | H11: 上り | I11: 13 | J11: 連1510 | K11: 営業 | L11: 15:51 | M11: 16:04
A12: 20 | B12: 休日 | C12: 20系統⑤便乗 | D12: 西院 | E12: 08:36 | F12: 帷子ノ辻 | G12: 08:48 | H12: 下り | I12: 5 | J12: 0807 | K12: 営業 | L12: 08:36 | M12: 08:49
A13: 20 | B13: 休日 | C13: 20系統④便乗 | D13: 帷子ノ辻 | E13: 12:11 | F13: 西院 | G13: 12:23 | H13: 上り | I13: 4 | J13: 1202 | K13: 営業 | L13: 12:11 | M13: 12:24
... A31: 22 | B31: 休日 | C31: 22系統⑫便乗 | D31: 帷子ノ辻 | E31: 22:15 | F31: 西院 | G31: 22:26 | H31: 上り | I31: 12 | J31: 2202 | K31: 営業 | L31: 22:15 | M31: 22:27
A32: 13 | B32: 平日 | C32: 13系統⑧便乗 | D32: 西院 | E32: 20:23 | F32: 四条大宮 | G32: 20:26 | H32: 上り | I32: 8 | J32: 2002 | K32: 営業 | L32: 20:23 | M32: 20:26 | N32: 西院↔四条大宮(隣接2駅)の便乗。13系統乗務員が8系統電車2002に便乗
A33: 9 | B33: 平日 | C33: 9系統⑪便乗 | D33: 四条大宮 | E33: 20:53 | F33: 西院 | G33: 20:56 | H33: 下り | I33: 11 | J33: 2011 | K33: 営業 | L33: 20:53 | M33: 20:55 | N33: 西院↔四条大宮(隣接2駅)の便乗。9系統乗務員が11系統電車2011に便乗。西院着は指定20:56(乗車車2011実時刻20:55)

Sheet 表示仕様_帷子到着表
A1: 駅別 運転士表 — HTML出力 完全仕様書 v3（全駅・全ツール共通／本シート単独で同一HTMLを再現可能） | B1: 最終更新 2026-06-17。記憶・都度判断に依存せず、本シートと『運転士 行路表 分析用.xlsx』だけで誰でも同一の運転士表HTMLを生成できることを保証する。
A2: 【§0 大原則】
A3: 単一基準 | B3: 本シートが運転士表HTML出力の唯一かつ恒久の基準。レイアウト・色・フォント・付記・番線・ラスト・ファイル名・スクロール・JST表記まで本シートに従う。
A4: 自己完結HTML | B4: 外部CSS/JS/フォント/CDN/画像/localStorage 不使用。1ファイル完結。実行JSは読込時スクロールのみ。
A5: データ正本 | B5: 数値・担当・時刻・番線・各フラグは全て本xlsxに材料化済み（§3）。生成器は再計算せず列を読むだけ。
A6: 【§1 参照シート・結合キー】
A7: 担当運転士 | B7: 早見表_全期間：日付(行)×『N系統』列 で運転士名。『欠員①』等は『欠員』表記。休日前/休日後列は無視。
A8: 便・時刻・属性 | B8: 行路_ロング：1行=1列車×1駅イベント。ダイヤ(平日/休日)・路線・方向・駅でフィルタ。
A9: 結合キー | B9: 路線×ダイヤ×方向×列車番号(連/回接頭辞を除いたcore=数字下4桁)。番線・運転時分は発着時刻表PDFと同キーで突合済(秒時刻17,339件一致)。
A10: 補助 | B10: 出退勤マスタ(中休系統8/9/20/21)・休憩マスタ(次休憩列の生成元)・駅マスタ(駅順/略号)・祝日マスタ・便乗_乗車便対応。
A11: 【§2 行路_ロング 全列定義（23列・全て表示or用途を定義）】
A12: 系統 | B12: 担当解決キー。早見表でN系統→運転士。セル下段に『系統番号 運転士名』。
A13: ダイヤ | B13: 平日/休日。当日ダイヤで行抽出。画面非表示。
A14: 路線 | B14: 本線/北野線。列構成判定。
A15: 方向 | B15: 上り/下り。列振り分け。本線:四条大宮行=上り/嵐山行=下り。北野:北野白梅町行=上り/帷子ノ辻行=下り。
A16: 列車番号 | B16: セル上段『列{番号}』(#999 11px)。便乗は『便乗表示列番』に置換。
A17: 放送番号 | B17: 上段『放送{番号}』(#999 11px、列番の右にスペース)。回送/便乗/空は非表示。
A18: 駅 | B18: 対象駅フィルタ。画面非表示。
A19: 時刻 | B19: HH:MM。発車表/発列の表示時刻。
A20: 到着時刻 | B20: 到着基準(途中駅=発時刻/終着=着時刻/始発=空)。到着表/着列の表示時刻。
A21: 着発 | B21: 着(終着)/発(その他)。終着駅の着発分離・統合の着発列判定に使用。
A22: 日跨ぎ | B22: ○=24時超で翌日。時刻順序計算で+24h。
A23: 種別 | B23: 営業=無印/便乗=（便乗）/回送=【回送】を運転士名直後に付記。
... A34: 次休憩 | B34: 『→{駅} 休憩(開始〜終了)』(通常120分未満)または『→{駅} 退勤(中休…)』(120分以上)。セル下部別行。休憩=橙#e67e22/退勤=赤#d63031。
A35: 【§3 基準時刻・表示範囲・JST】
A36: 基準時刻 | B36: 既定=実行時の日本時間JST(Asia/Tokyo)。引数で任意日時指定可。UTC/固定値禁止。
A37: 表示範囲 | B37: 基準の前30分〜後120分(計150分)。範囲外は出力しない。
A38: ダイヤ確定 | B38: 早見表_全期間のダイヤ区分(曜日・祝日・年末年始判定済)で平日/休日を確定→行路_ロング該当ダイヤ。
A39: 回答時JST | B39: チャット回答は毎回先頭に『📅 YYYY-MM-DD（曜日）HH:MM JST』を必ず記載(運用ルール)。
A40: 【§4 ［ラスト］判定（系統別・方向別最終・駅ごと動的）】
A41: 定義 | B41: ［ラスト］=各系統がその駅を通る路線×方向ごとの最終営業便（その系統の最終発／最終着）。本線系統=上り最終・下り最終の両方／北野系統=上り最終・下り最終の両方。系統×路線×方向ごとに、その駅・当日ダイヤでの最終時刻便を動的判定。便乗・回送は対象外（営業便のみ）。〔2026-06-20改定：旧『本線=上り最終のみ』を上下両方へ拡張＝各乗務員の最終便（下り西院退勤便含む）を網羅。実装FINAL_RUNキー=(系統,路線,方向)。〕
A42: 判定範囲 | B42: 各系統について路線×方向ごとの最終営業便すべてに付す。グローバルな単一最終便ではなく系統×路線×方向ごと（複数系統・各方向が各々ラストを持つ）。その駅の表で、窓内にその系統のその方向の最終便が来ればラスト表示。
A43: 表記 | B43: 名前直後に赤#d63031太字11px『［ラスト］』。経過便なら薄字#b2bec3。回送/便乗は対象外。
A44: 【§5 番線表示（[ ]囲み・全駅）】
A45: 対象 | B45: 嵐山/四条大宮の2番線(着・発)、帷子ノ辻の北野線番線(3/4)、四条大宮の留置/誘導番線(1留/1誘)、帷子ノ辻北野線の留置/入庫/出庫番線(3留/4入/4出)。留/誘/留/入/出の付記がある便はその付記を保持して全駅(着発共)に表示。通常の番線1・北野白梅町・本線途中駅は非表示。付記番線(四条大宮・帷子)は『{駅名}{番線}→留置/入庫/出庫/誘導』形式で表示(着発の語は使わず→で示す)。
A46: 出典 | B46: 行路_ロング『番線』列(発着時刻表PDF由来)。本線上り番線は嵐山発番線・四条大宮着番線等、駅ごとに正しい値。
A47: 表記 | B47: セル下部に別行、濃灰#34495e太字11px、[ ]囲み。略号 嵐=嵐山/四=四条大宮/帷=帷子ノ辻。通常番線の例[四2着][帷4発](番線の語は付けず略号+番号+着発)。付記番線は『{駅名}{番線}→{留置/入庫/出庫/誘導}』形式=例[四1着→留置][四1着→誘導][帷子3→留置][帷子4→入庫][帷子4→出庫]。該当列車は全駅(着発共)の表に表示。複数は時刻順。
A48: 【§6 駅タイプ・列構成（自動判定）】
A49: 本線のみ(2列) | B49: 嵐山/嵯峨/鹿王院/車折/有栖川/太秦広隆寺/蚕ノ社/天神川/山ノ内/西大路三条/西院/四条大宮。列=本線上り(左)・本線下り(右)。
A50: 北野線のみ(2列) | B50: 北野白梅町/等持院/龍安寺/妙心寺/御室仁和寺/宇多野/鳴滝/常盤/撮影所前。列=北野上り・北野下り。
A51: 分岐駅(4列) | B51: 帷子ノ辻。列順=本線上り→本線下り→北野上り→北野下り。
A52: 【§7 終着駅 着発統合 / 分離（確定）】
A53: 統合3駅 | B53: 嵐山・四条大宮・北野白梅町(路線端の真の終点)のみ。到着と発車を【1つの表】に統合。
A54: 統合の表 | B54: 列=時刻｜{駅} 着（方向）｜{駅} 発（方向）。着列=着発フラグ『着』(終着到着)、発列=着発フラグ『発』(初発)。着列背景#e0f2f1/発列背景#eafaf8。生成器=gen_shu.py。
A55: 分離駅 | B55: 西院・帷子ノ辻・全途中駅は到着表と発車表を別ファイル。生成器=gen_kt_chaku.py(到着)/gen_kt.py(発車)。
A56: 到着表の抽出 | B56: 到着時刻が非空の便(終着=着時刻・途中駅=発時刻を到着とみなす)を到着時刻順。
A57: 発車表の抽出 | B57: 着発=発のイベントを時刻順。始発(到着時刻空)も表示。
A58: 便乗・回送 | B58: 除外せず表示。西院へ戻る便乗/回送も表示。
A59: 【§8 セル(担当)表記】
A60: 基本2段 | B60: 上段=『列{列車番号} 放送{放送番号}』(#999 11px)。下段=系統番号(太字13px)＋運転士名(13px #2d3436)＋付記タグ。
A61: 付記順 | B61: 運転士名の直後に: （便乗）/【回送】 → ［ラスト］ → 車内集札 → ［西院止まり］ → +後X。次に別行で 🔒金庫 → →駅休憩/退勤 → [番線]。
A62: 同時刻複数 | B62: 同一時刻・同一列の複数便は同セル内で 1px破線(#ddd) 区切りで併記。
A63: 欠員 | B63: 早見表が『欠員①』等は代務名を出さず赤系『欠員』。
A64: 縮小方式 | B64: 全付記spanは display:inline-block;transform:scale(1.0);transform-origin:left center; (モバイル最小フォント対策。サイズ調整はscale値のみ)。
A65: 【§9 毎時帯・薄字・ヘッダ・スクロール】
A66: 毎時帯 | B66: hhが変わる先頭に1行。時刻側=背景#dfe6e9『hh時台』。各方向セル=ヘッダ色背景・白文字で『{駅名}（{方向} {行先}行）』。行先：本線上り=四条大宮/下り=嵐山、北野上り=北野白梅町/下り=帷子ノ辻。
A67: 薄字(経過便) | B67: 基準時刻より前の便は時刻・担当・全付記・番線とも#b2bec3。経過と現在以降の境目に区切り行(id=now)＝太線border-top:4px #e11d48＋『━━ 現在 HH:MM 以降 ━━』。読込時はこの行へ自動スクロール。
A68: 固定ヘッダ | B68: thead を position:sticky;top:0;z-index:5。先頭セル=時刻/到着/発時刻。方向見出し=『{駅名}（{方向} {行先}行）』（統合は『{駅名} 着（方向）』『{駅名} 発（方向）』）。
A69: 初期スクロール | B69: 読込時、基準以降の最初の便(id=now)を固定ヘッダ直下=ページ先頭へ。thead実高さを計測しその分だけ上げてscrollTo。setTimeout(60)で実行。
A70: 【§10 色・フォント・スタイル（確定値）】
A71: ヘッダ色 | B71: 本線#00695c／北野#bf5700(白文字)。統合の着/発見出しは#00695c。時刻列ヘッダ#2d3436。
A72: 列背景 | B72: 本線上り#e0f2f1／本線下り#eafaf8／北野上り#fbeee4／北野下り#fdf4ec。毎時帯#dfe6e9。罫線1px #ccd1d4。
A73: 時刻 | B73: #0984e3 太字 tabular-nums。経過#b2bec3。
A74: 状態色 | B74: 退勤/ラスト/中休退勤#d63031／→休憩#e67e22／車内集札#8e44ad／後部#2980b9／金庫#16a085／西院止まり・放送・列番#636e72,#999／番線#34495e／欠員 赤系。
A75: フォント | B75: 本文・系統・運転士・時刻=13px。列番・放送・全付記=11px。-apple-system,'Hiragino Sans','Noto Sans JP'。viewport=device-width。table-layout:fixed。先頭列幅 分離70px/統合54px。
A76: 【§11 ファイル名（厳守・半角のみ）】
A77: 形式 | B77: 頭にMMDD-HHMM(=生成時JST=作成時刻)。統合:MMDD-HHMM_<ローマ字>_着発.html／到着:_着.html／発車:_発.html。例 0617-2030_shijoomiya_着発.html。
A78: 制約 | B78: 日本語駅名は受渡しで文字化けするため半角ローマ字必須。発/着/着発の漢字のみ可。コロン・スペース・全角括弧不可。作成時刻を入れ『いつ作成したか』分かるようにする。
A79: ROMA辞書 | B79: 嵐山=arashiyama 嵯峨=saga 鹿王院=rokuoin 車折=kurumazaki 有栖川=arisugawa 帷子ノ辻=katabira 太秦広隆寺=uzumasa 蚕ノ社=kaikonoyashiro 天神川=tenjingawa 山ノ内=yamanouchi 西大路三条=nishioji 西院=saiin 四条大宮=shijoomiya 北野白梅町=kitano 等持院=tojiin 龍安寺=ryoanji 妙心寺=myoshinji 御室仁和寺=omuro 宇多野=utano 鳴滝=narutaki 常盤=tokiwa 撮影所前=satsueijo
A80: 【§12 生成器・高速化】
A81: 生成器 | B81: 統合3駅=gen_shu.py / 到着=gen_kt_chaku.py / 発車=gen_kt.py。引数: 駅名 [YYYY-MM-DD] [HH:MM](省略時 現在JST)。出力先=同フォルダの『出力HTML』サブフォルダ(自動作成)。正本xlsx・検証用xlsx・生成器3本はProjects直下。
A82: 高速化 | B82: load_workbook(data_only=True, read_only=True) で読込。行路_ロング・早見表_全期間のみ1回iterして材料化。再描画なし・1パス。
A83: 【§13 西院乗務交代（実装済み）】
A84: 西院乗務交代3段 | B84: 西院下りで(着時刻秒,発時刻秒)が一致する営業の着便と発便が別運転士のとき乗務交代。同一運転士(連XXXX↔XXXX)は切離=対象外、便乗は除外。セルを3段表示=上段[列{列番} 放送{番号}]／中段[退勤者=着便の系統・運転士＋退勤フラグ]／破線『─交代─』／下段[出勤者=発便の系統・運転士]。発車表は出勤者の発便位置、到着表は退勤者の着便位置に表示し相手便は重複抑制。判定キー=路線×ダイヤ×方向(下り)×(着時刻秒,発時刻秒)。生成器 gen_kt.py / gen_kt_chaku.py に実装済み。
A85: 【§14 未実装（将来仕様）】
A86: 西院切離統合 | B86: 連XXXX着とXXXX発が秒一致・同一運転士なら1便統合する構想。現行未実装。
A88: 【§15 駅名の画面表示名（実装済み 2026-06-20）】
A89: 表示名マップ | B89: データ照合キー（行路_ロングの駅名・MAIN_LINE/KITA_LINEのキー）はそのまま、画面表示だけ正式駅名へ置換。DISP={天神川→嵐電天神川／車折→車折神社／嵯峨→嵐電嵯峨}。適用箇所＝プルダウンoption・列見出し(band/thead)・各駅セクション説明文(sdesc)。実装＝gen_all.py の DISP辞書＋disp()関数。data-eki(ROMA)は内部キーのままなのでlocalStorage/位置情報/リンクは不変。他駅は従来表記のまま。
